<annotation>
    <folder></folder>
    <filename>0000de486dc6c49f.jpg</filename>
    <path>C:\Users\deoli\Desktop\V7_export\data\0000de486dc6c49f.jpg</path>
    <source>
        <database></database>
    </source>
    <size>
        <width>1024</width>
        <height>1024</height>
        <depth>3</depth>
    </size>
    <segmented></segmented>
    <object>
        <name>Cat</name>
        <IsTruncated>True</IsTruncated>
        <IsGroupOf>False</IsGroupOf>
        <IsOccluded>True</IsOccluded>
        <IsDepiction>False</IsDepiction>
        <IsInside>False</IsInside>
        <bndbox>
            <xmin>20</xmin>
            <ymin>25</ymin>
            <xmax>1022</xmax>
            <ymax>1000</ymax>
        </bndbox>
    </object>
</annotation>