<annotation>
    <folder></folder>
    <filename>0001be3e7d78372e.jpg</filename>
    <path>C:\Users\deoli\Desktop\V7_export\data\0001be3e7d78372e.jpg</path>
    <source>
        <database></database>
    </source>
    <size>
        <width>1024</width>
        <height>768</height>
        <depth>3</depth>
    </size>
    <segmented></segmented>
    <object>
        <name>Bird</name>
        <IsTruncated>False</IsTruncated>
        <IsGroupOf>False</IsGroupOf>
        <IsOccluded>True</IsOccluded>
        <IsDepiction>False</IsDepiction>
        <IsInside>False</IsInside>
        <bndbox>
            <xmin>467</xmin>
            <ymin>339</ymin>
            <xmax>862</xmax>
            <ymax>573</ymax>
        </bndbox>
    </object>
</annotation>