<annotation>
    <folder></folder>
    <filename>00019f5540822905.jpg</filename>
    <path>C:\Users\deoli\Desktop\V7_export\data\00019f5540822905.jpg</path>
    <source>
        <database></database>
    </source>
    <size>
        <width>1024</width>
        <height>682</height>
        <depth>3</depth>
    </size>
    <segmented></segmented>
    <object>
        <name>Boat</name>
        <IsTruncated>False</IsTruncated>
        <IsGroupOf>False</IsGroupOf>
        <IsOccluded>True</IsOccluded>
        <IsDepiction>False</IsDepiction>
        <IsInside>False</IsInside>
        <bndbox>
            <xmin>539</xmin>
            <ymin>428</ymin>
            <xmax>949</xmax>
            <ymax>516</ymax>
        </bndbox>
    </object>
</annotation>