<annotation>
    <folder></folder>
    <filename>0001eeaf4aed83f9.jpg</filename>
    <path>C:\Users\deoli\Desktop\V7_export\data\0001eeaf4aed83f9.jpg</path>
    <source>
        <database></database>
    </source>
    <size>
        <width>1024</width>
        <height>447</height>
        <depth>3</depth>
    </size>
    <segmented></segmented>
    <object>
        <name>Airplane</name>
        <IsTruncated>False</IsTruncated>
        <IsGroupOf>False</IsGroupOf>
        <IsOccluded>False</IsOccluded>
        <IsDepiction>False</IsDepiction>
        <IsInside>False</IsInside>
        <bndbox>
            <xmin>23</xmin>
            <ymin>31</ymin>
            <xmax>987</xmax>
            <ymax>357</ymax>
        </bndbox>
    </object>
</annotation>