<annotation>
    <folder></folder>
    <filename>0002c6ace3fef696.jpg</filename>
    <path>C:\Users\deoli\Desktop\V7_export\data\0002c6ace3fef696.jpg</path>
    <source>
        <database></database>
    </source>
    <size>
        <width>1024</width>
        <height>683</height>
        <depth>3</depth>
    </size>
    <segmented></segmented>
    <object>
        <name>Dog</name>
        <IsTruncated>True</IsTruncated>
        <IsGroupOf>False</IsGroupOf>
        <IsOccluded>True</IsOccluded>
        <IsDepiction>False</IsDepiction>
        <IsInside>False</IsInside>
        <bndbox>
            <xmin>385</xmin>
            <ymin>149</ymin>
            <xmax>1023</xmax>
            <ymax>549</ymax>
        </bndbox>
    </object>
</annotation>