<annotation>
    <folder></folder>
    <filename>000265efe8492bd9.jpg</filename>
    <path>C:\Users\deoli\Desktop\V7_export\data\000265efe8492bd9.jpg</path>
    <source>
        <database></database>
    </source>
    <size>
        <width>1024</width>
        <height>683</height>
        <depth>3</depth>
    </size>
    <segmented></segmented>
    <object>
        <name>Person</name>
        <IsTruncated>False</IsTruncated>
        <IsGroupOf>False</IsGroupOf>
        <IsOccluded>False</IsOccluded>
        <IsDepiction>False</IsDepiction>
        <IsInside>False</IsInside>
        <bndbox>
            <xmin>18</xmin>
            <ymin>0</ymin>
            <xmax>352</xmax>
            <ymax>231</ymax>
        </bndbox>
    </object>
</annotation>