<annotation>
    <folder></folder>
    <filename>00037305278d0cd5.jpg</filename>
    <path>C:\Users\deoli\Desktop\V7_export\data\00037305278d0cd5.jpg</path>
    <source>
        <database></database>
    </source>
    <size>
        <width>1024</width>
        <height>646</height>
        <depth>3</depth>
    </size>
    <segmented></segmented>
    <object>
        <name>Person</name>
        <IsTruncated>False</IsTruncated>
        <IsGroupOf>False</IsGroupOf>
        <IsOccluded>True</IsOccluded>
        <IsDepiction>True</IsDepiction>
        <IsInside>False</IsInside>
        <bndbox>
            <xmin>801</xmin>
            <ymin>398</ymin>
            <xmax>887</xmax>
            <ymax>488</ymax>
        </bndbox>
    </object>
</annotation>