<annotation>
    <folder></folder>
    <filename>00032ac01882a0c1.jpg</filename>
    <path>C:\Users\deoli\Desktop\V7_export\data\00032ac01882a0c1.jpg</path>
    <source>
        <database></database>
    </source>
    <size>
        <width>1024</width>
        <height>683</height>
        <depth>3</depth>
    </size>
    <segmented></segmented>
    <object>
        <name>Person</name>
        <IsTruncated>True</IsTruncated>
        <IsGroupOf>False</IsGroupOf>
        <IsOccluded>False</IsOccluded>
        <IsDepiction>True</IsDepiction>
        <IsInside>False</IsInside>
        <bndbox>
            <xmin>144</xmin>
            <ymin>0</ymin>
            <xmax>296</xmax>
            <ymax>76</ymax>
        </bndbox>
    </object>
</annotation>