<annotation>
    <folder></folder>
    <filename>000415872c9478c6.jpg</filename>
    <path>C:\Users\deoli\Desktop\V7_export\data\000415872c9478c6.jpg</path>
    <source>
        <database></database>
    </source>
    <size>
        <width>1024</width>
        <height>681</height>
        <depth>3</depth>
    </size>
    <segmented></segmented>
    <object>
        <name>Person</name>
        <IsTruncated>True</IsTruncated>
        <IsGroupOf>False</IsGroupOf>
        <IsOccluded>True</IsOccluded>
        <IsDepiction>False</IsDepiction>
        <IsInside>False</IsInside>
        <bndbox>
            <xmin>323</xmin>
            <ymin>208</ymin>
            <xmax>771</xmax>
            <ymax>680</ymax>
        </bndbox>
    </object>
</annotation>