<annotation>
    <folder></folder>
    <filename>00048db9e5a18e0c.jpg</filename>
    <path>C:\Users\deoli\Desktop\V7_export\data\00048db9e5a18e0c.jpg</path>
    <source>
        <database></database>
    </source>
    <size>
        <width>1024</width>
        <height>680</height>
        <depth>3</depth>
    </size>
    <segmented></segmented>
    <object>
        <name>Person</name>
        <IsTruncated>False</IsTruncated>
        <IsGroupOf>False</IsGroupOf>
        <IsOccluded>False</IsOccluded>
        <IsDepiction>False</IsDepiction>
        <IsInside>False</IsInside>
        <bndbox>
            <xmin>136</xmin>
            <ymin>128</ymin>
            <xmax>189</xmax>
            <ymax>237</ymax>
        </bndbox>
    </object>
</annotation>