<annotation>
    <folder></folder>
    <filename>00046a9adb6776ad.jpg</filename>
    <path>C:\Users\deoli\Desktop\V7_export\data\00046a9adb6776ad.jpg</path>
    <source>
        <database></database>
    </source>
    <size>
        <width>1024</width>
        <height>683</height>
        <depth>3</depth>
    </size>
    <segmented></segmented>
    <object>
        <name>Bird</name>
        <IsTruncated>False</IsTruncated>
        <IsGroupOf>False</IsGroupOf>
        <IsOccluded>False</IsOccluded>
        <IsDepiction>False</IsDepiction>
        <IsInside>False</IsInside>
        <bndbox>
            <xmin>364</xmin>
            <ymin>308</ymin>
            <xmax>588</xmax>
            <ymax>506</ymax>
        </bndbox>
    </object>
</annotation>