<annotation>
    <folder></folder>
    <filename>0005a9520eb22c19.jpg</filename>
    <path>C:\Users\deoli\Desktop\V7_export\data\0005a9520eb22c19.jpg</path>
    <source>
        <database></database>
    </source>
    <size>
        <width>1024</width>
        <height>675</height>
        <depth>3</depth>
    </size>
    <segmented></segmented>
    <object>
        <name>Dog</name>
        <IsTruncated>True</IsTruncated>
        <IsGroupOf>False</IsGroupOf>
        <IsOccluded>True</IsOccluded>
        <IsDepiction>False</IsDepiction>
        <IsInside>False</IsInside>
        <bndbox>
            <xmin>96</xmin>
            <ymin>37</ymin>
            <xmax>626</xmax>
            <ymax>674</ymax>
        </bndbox>
    </object>
</annotation>