<annotation>
    <folder></folder>
    <filename>00064d23bf997652.jpg</filename>
    <path>C:\Users\deoli\Desktop\V7_export\data\00064d23bf997652.jpg</path>
    <source>
        <database></database>
    </source>
    <size>
        <width>686</width>
        <height>1024</height>
        <depth>3</depth>
    </size>
    <segmented></segmented>
    <object>
        <name>Dog</name>
        <IsTruncated>False</IsTruncated>
        <IsGroupOf>False</IsGroupOf>
        <IsOccluded>False</IsOccluded>
        <IsDepiction>False</IsDepiction>
        <IsInside>False</IsInside>
        <bndbox>
            <xmin>165</xmin>
            <ymin>0</ymin>
            <xmax>621</xmax>
            <ymax>710</ymax>
        </bndbox>
    </object>
</annotation>