<annotation>
    <folder></folder>
    <filename>00067055f85b8c37.jpg</filename>
    <path>C:\Users\deoli\Desktop\V7_export\data\00067055f85b8c37.jpg</path>
    <source>
        <database></database>
    </source>
    <size>
        <width>1024</width>
        <height>768</height>
        <depth>3</depth>
    </size>
    <segmented></segmented>
    <object>
        <name>Person</name>
        <IsTruncated>False</IsTruncated>
        <IsGroupOf>False</IsGroupOf>
        <IsOccluded>False</IsOccluded>
        <IsDepiction>False</IsDepiction>
        <IsInside>False</IsInside>
        <bndbox>
            <xmin>380</xmin>
            <ymin>128</ymin>
            <xmax>739</xmax>
            <ymax>767</ymax>
        </bndbox>
    </object>
</annotation>