<annotation>
    <folder></folder>
    <filename>00068ddfc8e8c84d.jpg</filename>
    <path>C:\Users\deoli\Desktop\V7_export\data\00068ddfc8e8c84d.jpg</path>
    <source>
        <database></database>
    </source>
    <size>
        <width>1024</width>
        <height>683</height>
        <depth>3</depth>
    </size>
    <segmented></segmented>
    <object>
        <name>Boat</name>
        <IsTruncated>False</IsTruncated>
        <IsGroupOf>False</IsGroupOf>
        <IsOccluded>False</IsOccluded>
        <IsDepiction>False</IsDepiction>
        <IsInside>False</IsInside>
        <bndbox>
            <xmin>222</xmin>
            <ymin>437</ymin>
            <xmax>427</xmax>
            <ymax>548</ymax>
        </bndbox>
    </object>
</annotation>