<annotation>
    <folder></folder>
    <filename>00067fe83e3e21c8.jpg</filename>
    <path>C:\Users\deoli\Desktop\V7_export\data\00067fe83e3e21c8.jpg</path>
    <source>
        <database></database>
    </source>
    <size>
        <width>1024</width>
        <height>681</height>
        <depth>3</depth>
    </size>
    <segmented></segmented>
    <object>
        <name>Cat</name>
        <IsTruncated>False</IsTruncated>
        <IsGroupOf>False</IsGroupOf>
        <IsOccluded>True</IsOccluded>
        <IsDepiction>False</IsDepiction>
        <IsInside>False</IsInside>
        <bndbox>
            <xmin>160</xmin>
            <ymin>0</ymin>
            <xmax>708</xmax>
            <ymax>669</ymax>
        </bndbox>
    </object>
</annotation>