<annotation>
    <folder></folder>
    <filename>00060e526ed9e589.jpg</filename>
    <path>C:\Users\deoli\Desktop\V7_export\data\00060e526ed9e589.jpg</path>
    <source>
        <database></database>
    </source>
    <size>
        <width>1024</width>
        <height>683</height>
        <depth>3</depth>
    </size>
    <segmented></segmented>
    <object>
        <name>Boat</name>
        <IsTruncated>False</IsTruncated>
        <IsGroupOf>False</IsGroupOf>
        <IsOccluded>False</IsOccluded>
        <IsDepiction>False</IsDepiction>
        <IsInside>False</IsInside>
        <bndbox>
            <xmin>944</xmin>
            <ymin>480</ymin>
            <xmax>986</xmax>
            <ymax>493</ymax>
        </bndbox>
    </object>
</annotation>