<annotation>
    <folder></folder>
    <filename>000665ea2fa6d61b.jpg</filename>
    <path>C:\Users\deoli\Desktop\V7_export\data\000665ea2fa6d61b.jpg</path>
    <source>
        <database></database>
    </source>
    <size>
        <width>1024</width>
        <height>683</height>
        <depth>3</depth>
    </size>
    <segmented></segmented>
    <object>
        <name>Bird</name>
        <IsTruncated>False</IsTruncated>
        <IsGroupOf>False</IsGroupOf>
        <IsOccluded>True</IsOccluded>
        <IsDepiction>False</IsDepiction>
        <IsInside>False</IsInside>
        <bndbox>
            <xmin>256</xmin>
            <ymin>238</ymin>
            <xmax>607</xmax>
            <ymax>560</ymax>
        </bndbox>
    </object>
</annotation>