<annotation>
    <folder></folder>
    <filename>0007d6cf88afaa4a.jpg</filename>
    <path>C:\Users\deoli\Desktop\V7_export\data\0007d6cf88afaa4a.jpg</path>
    <source>
        <database></database>
    </source>
    <size>
        <width>1024</width>
        <height>614</height>
        <depth>3</depth>
    </size>
    <segmented></segmented>
    <object>
        <name>Dog</name>
        <IsTruncated>False</IsTruncated>
        <IsGroupOf>False</IsGroupOf>
        <IsOccluded>False</IsOccluded>
        <IsDepiction>False</IsDepiction>
        <IsInside>False</IsInside>
        <bndbox>
            <xmin>177</xmin>
            <ymin>133</ymin>
            <xmax>923</xmax>
            <ymax>578</ymax>
        </bndbox>
    </object>
</annotation>