<annotation>
    <folder></folder>
    <filename>00078802fa02ba41.jpg</filename>
    <path>C:\Users\deoli\Desktop\V7_export\data\00078802fa02ba41.jpg</path>
    <source>
        <database></database>
    </source>
    <size>
        <width>1024</width>
        <height>663</height>
        <depth>3</depth>
    </size>
    <segmented></segmented>
    <object>
        <name>Boat</name>
        <IsTruncated>True</IsTruncated>
        <IsGroupOf>False</IsGroupOf>
        <IsOccluded>True</IsOccluded>
        <IsDepiction>False</IsDepiction>
        <IsInside>False</IsInside>
        <bndbox>
            <xmin>0</xmin>
            <ymin>0</ymin>
            <xmax>981</xmax>
            <ymax>561</ymax>
        </bndbox>
    </object>
</annotation>