<annotation>
    <folder></folder>
    <filename>00074c52a1a6b6bf.jpg</filename>
    <path>C:\Users\deoli\Desktop\V7_export\data\00074c52a1a6b6bf.jpg</path>
    <source>
        <database></database>
    </source>
    <size>
        <width>1024</width>
        <height>819</height>
        <depth>3</depth>
    </size>
    <segmented></segmented>
    <object>
        <name>Person</name>
        <IsTruncated>True</IsTruncated>
        <IsGroupOf>True</IsGroupOf>
        <IsOccluded>True</IsOccluded>
        <IsDepiction>False</IsDepiction>
        <IsInside>False</IsInside>
        <bndbox>
            <xmin>0</xmin>
            <ymin>399</ymin>
            <xmax>1015</xmax>
            <ymax>818</ymax>
        </bndbox>
    </object>
</annotation>