<annotation>
    <folder></folder>
    <filename>00083b384685315d.jpg</filename>
    <path>C:\Users\deoli\Desktop\V7_export\data\00083b384685315d.jpg</path>
    <source>
        <database></database>
    </source>
    <size>
        <width>1024</width>
        <height>680</height>
        <depth>3</depth>
    </size>
    <segmented></segmented>
    <object>
        <name>Bird</name>
        <IsTruncated>False</IsTruncated>
        <IsGroupOf>False</IsGroupOf>
        <IsOccluded>False</IsOccluded>
        <IsDepiction>False</IsDepiction>
        <IsInside>False</IsInside>
        <bndbox>
            <xmin>423</xmin>
            <ymin>262</ymin>
            <xmax>505</xmax>
            <ymax>307</ymax>
        </bndbox>
    </object>
</annotation>