<annotation>
    <folder></folder>
    <filename>0008e425fb49a2bf.jpg</filename>
    <path>C:\Users\deoli\Desktop\V7_export\data\0008e425fb49a2bf.jpg</path>
    <source>
        <database></database>
    </source>
    <size>
        <width>987</width>
        <height>1024</height>
        <depth>3</depth>
    </size>
    <segmented></segmented>
    <object>
        <name>Dog</name>
        <IsTruncated>False</IsTruncated>
        <IsGroupOf>False</IsGroupOf>
        <IsOccluded>False</IsOccluded>
        <IsDepiction>False</IsDepiction>
        <IsInside>False</IsInside>
        <bndbox>
            <xmin>223</xmin>
            <ymin>114</ymin>
            <xmax>705</xmax>
            <ymax>956</ymax>
        </bndbox>
    </object>
</annotation>