<annotation>
    <folder></folder>
    <filename>0008104bd27dd02a.jpg</filename>
    <path>C:\Users\deoli\Desktop\V7_export\data\0008104bd27dd02a.jpg</path>
    <source>
        <database></database>
    </source>
    <size>
        <width>1024</width>
        <height>683</height>
        <depth>3</depth>
    </size>
    <segmented></segmented>
    <object>
        <name>Train</name>
        <IsTruncated>False</IsTruncated>
        <IsGroupOf>False</IsGroupOf>
        <IsOccluded>False</IsOccluded>
        <IsDepiction>False</IsDepiction>
        <IsInside>False</IsInside>
        <bndbox>
            <xmin>126</xmin>
            <ymin>80</ymin>
            <xmax>696</xmax>
            <ymax>529</ymax>
        </bndbox>
    </object>
</annotation>