<annotation>
    <folder></folder>
    <filename>0008cf211699d6a5.jpg</filename>
    <path>C:\Users\deoli\Desktop\V7_export\data\0008cf211699d6a5.jpg</path>
    <source>
        <database></database>
    </source>
    <size>
        <width>1024</width>
        <height>768</height>
        <depth>3</depth>
    </size>
    <segmented></segmented>
    <object>
        <name>Dog</name>
        <IsTruncated>True</IsTruncated>
        <IsGroupOf>False</IsGroupOf>
        <IsOccluded>True</IsOccluded>
        <IsDepiction>False</IsDepiction>
        <IsInside>False</IsInside>
        <bndbox>
            <xmin>0</xmin>
            <ymin>4</ymin>
            <xmax>702</xmax>
            <ymax>767</ymax>
        </bndbox>
    </object>
</annotation>