<annotation>
    <folder></folder>
    <filename>00098c60bc63f3b8.jpg</filename>
    <path>C:\Users\deoli\Desktop\V7_export\data\00098c60bc63f3b8.jpg</path>
    <source>
        <database></database>
    </source>
    <size>
        <width>1024</width>
        <height>768</height>
        <depth>3</depth>
    </size>
    <segmented></segmented>
    <object>
        <name>Airplane</name>
        <IsTruncated>False</IsTruncated>
        <IsGroupOf>False</IsGroupOf>
        <IsOccluded>False</IsOccluded>
        <IsDepiction>False</IsDepiction>
        <IsInside>False</IsInside>
        <bndbox>
            <xmin>331</xmin>
            <ymin>268</ymin>
            <xmax>876</xmax>
            <ymax>444</ymax>
        </bndbox>
    </object>
</annotation>