<annotation>
    <folder></folder>
    <filename>0009ddf40bd5258a.jpg</filename>
    <path>C:\Users\deoli\Desktop\V7_export\data\0009ddf40bd5258a.jpg</path>
    <source>
        <database></database>
    </source>
    <size>
        <width>768</width>
        <height>1024</height>
        <depth>3</depth>
    </size>
    <segmented></segmented>
    <object>
        <name>Person</name>
        <IsTruncated>False</IsTruncated>
        <IsGroupOf>False</IsGroupOf>
        <IsOccluded>False</IsOccluded>
        <IsDepiction>False</IsDepiction>
        <IsInside>False</IsInside>
        <bndbox>
            <xmin>63</xmin>
            <ymin>138</ymin>
            <xmax>294</xmax>
            <ymax>960</ymax>
        </bndbox>
    </object>
</annotation>