<annotation>
    <folder></folder>
    <filename>0009bad4d8539bb4.jpg</filename>
    <path>C:\Users\deoli\Desktop\V7_export\data\0009bad4d8539bb4.jpg</path>
    <source>
        <database></database>
    </source>
    <size>
        <width>1024</width>
        <height>681</height>
        <depth>3</depth>
    </size>
    <segmented></segmented>
    <object>
        <name>Airplane</name>
        <IsTruncated>False</IsTruncated>
        <IsGroupOf>False</IsGroupOf>
        <IsOccluded>False</IsOccluded>
        <IsDepiction>False</IsDepiction>
        <IsInside>False</IsInside>
        <bndbox>
            <xmin>301</xmin>
            <ymin>232</ymin>
            <xmax>722</xmax>
            <ymax>351</ymax>
        </bndbox>
    </object>
</annotation>