<annotation>
    <folder></folder>
    <filename>0009f04d5bced171.jpg</filename>
    <path>C:\Users\deoli\Desktop\V7_export\data\0009f04d5bced171.jpg</path>
    <source>
        <database></database>
    </source>
    <size>
        <width>683</width>
        <height>1024</height>
        <depth>3</depth>
    </size>
    <segmented></segmented>
    <object>
        <name>Boat</name>
        <IsTruncated>False</IsTruncated>
        <IsGroupOf>False</IsGroupOf>
        <IsOccluded>False</IsOccluded>
        <IsDepiction>False</IsDepiction>
        <IsInside>False</IsInside>
        <bndbox>
            <xmin>477</xmin>
            <ymin>0</ymin>
            <xmax>682</xmax>
            <ymax>796</ymax>
        </bndbox>
    </object>
</annotation>