<annotation>
    <folder></folder>
    <filename>0009534b4d37774d.jpg</filename>
    <path>C:\Users\deoli\Desktop\V7_export\data\0009534b4d37774d.jpg</path>
    <source>
        <database></database>
    </source>
    <size>
        <width>1024</width>
        <height>685</height>
        <depth>3</depth>
    </size>
    <segmented></segmented>
    <object>
        <name>Boat</name>
        <IsTruncated>False</IsTruncated>
        <IsGroupOf>False</IsGroupOf>
        <IsOccluded>True</IsOccluded>
        <IsDepiction>False</IsDepiction>
        <IsInside>False</IsInside>
        <bndbox>
            <xmin>365</xmin>
            <ymin>155</ymin>
            <xmax>752</xmax>
            <ymax>443</ymax>
        </bndbox>
    </object>
</annotation>