<annotation>
    <folder></folder>
    <filename>000a3f4144bf73ba.jpg</filename>
    <path>C:\Users\deoli\Desktop\V7_export\data\000a3f4144bf73ba.jpg</path>
    <source>
        <database></database>
    </source>
    <size>
        <width>1024</width>
        <height>794</height>
        <depth>3</depth>
    </size>
    <segmented></segmented>
    <object>
        <name>Dog</name>
        <IsTruncated>False</IsTruncated>
        <IsGroupOf>False</IsGroupOf>
        <IsOccluded>True</IsOccluded>
        <IsDepiction>False</IsDepiction>
        <IsInside>False</IsInside>
        <bndbox>
            <xmin>80</xmin>
            <ymin>143</ymin>
            <xmax>983</xmax>
            <ymax>741</ymax>
        </bndbox>
    </object>
</annotation>