<annotation>
    <folder></folder>
    <filename>000b4796f7fb05df.jpg</filename>
    <path>C:\Users\deoli\Desktop\V7_export\data\000b4796f7fb05df.jpg</path>
    <source>
        <database></database>
    </source>
    <size>
        <width>1024</width>
        <height>768</height>
        <depth>3</depth>
    </size>
    <segmented></segmented>
    <object>
        <name>Bird</name>
        <IsTruncated>False</IsTruncated>
        <IsGroupOf>False</IsGroupOf>
        <IsOccluded>True</IsOccluded>
        <IsDepiction>False</IsDepiction>
        <IsInside>False</IsInside>
        <bndbox>
            <xmin>408</xmin>
            <ymin>224</ymin>
            <xmax>481</xmax>
            <ymax>262</ymax>
        </bndbox>
    </object>
</annotation>