<annotation>
    <folder></folder>
    <filename>000b05b7f49cdacd.jpg</filename>
    <path>C:\Users\deoli\Desktop\V7_export\data\000b05b7f49cdacd.jpg</path>
    <source>
        <database></database>
    </source>
    <size>
        <width>1024</width>
        <height>819</height>
        <depth>3</depth>
    </size>
    <segmented></segmented>
    <object>
        <name>Person</name>
        <IsTruncated>False</IsTruncated>
        <IsGroupOf>False</IsGroupOf>
        <IsOccluded>False</IsOccluded>
        <IsDepiction>False</IsDepiction>
        <IsInside>False</IsInside>
        <bndbox>
            <xmin>385</xmin>
            <ymin>300</ymin>
            <xmax>444</xmax>
            <ymax>443</ymax>
        </bndbox>
    </object>
</annotation>