<annotation>
    <folder></folder>
    <filename>000c4d66ce89aa69.jpg</filename>
    <path>C:\Users\deoli\Desktop\V7_export\data\000c4d66ce89aa69.jpg</path>
    <source>
        <database></database>
    </source>
    <size>
        <width>1024</width>
        <height>1024</height>
        <depth>3</depth>
    </size>
    <segmented></segmented>
    <object>
        <name>Dog</name>
        <IsTruncated>False</IsTruncated>
        <IsGroupOf>False</IsGroupOf>
        <IsOccluded>False</IsOccluded>
        <IsDepiction>False</IsDepiction>
        <IsInside>False</IsInside>
        <bndbox>
            <xmin>225</xmin>
            <ymin>85</ymin>
            <xmax>885</xmax>
            <ymax>946</ymax>
        </bndbox>
    </object>
</annotation>