<annotation>
    <folder></folder>
    <filename>000c651c2aeb5619.jpg</filename>
    <path>C:\Users\deoli\Desktop\V7_export\data\000c651c2aeb5619.jpg</path>
    <source>
        <database></database>
    </source>
    <size>
        <width>1024</width>
        <height>614</height>
        <depth>3</depth>
    </size>
    <segmented></segmented>
    <object>
        <name>Bird</name>
        <IsTruncated>False</IsTruncated>
        <IsGroupOf>False</IsGroupOf>
        <IsOccluded>True</IsOccluded>
        <IsDepiction>False</IsDepiction>
        <IsInside>False</IsInside>
        <bndbox>
            <xmin>229</xmin>
            <ymin>170</ymin>
            <xmax>938</xmax>
            <ymax>521</ymax>
        </bndbox>
    </object>
</annotation>