<annotation>
    <folder></folder>
    <filename>000c24660cd3fd95.jpg</filename>
    <path>C:\Users\deoli\Desktop\V7_export\data\000c24660cd3fd95.jpg</path>
    <source>
        <database></database>
    </source>
    <size>
        <width>1024</width>
        <height>1024</height>
        <depth>3</depth>
    </size>
    <segmented></segmented>
    <object>
        <name>Cat</name>
        <IsTruncated>True</IsTruncated>
        <IsGroupOf>False</IsGroupOf>
        <IsOccluded>False</IsOccluded>
        <IsDepiction>True</IsDepiction>
        <IsInside>False</IsInside>
        <bndbox>
            <xmin>91</xmin>
            <ymin>100</ymin>
            <xmax>935</xmax>
            <ymax>932</ymax>
        </bndbox>
    </object>
</annotation>