<annotation>
    <folder></folder>
    <filename>000c1395e58070e5.jpg</filename>
    <path>C:\Users\deoli\Desktop\V7_export\data\000c1395e58070e5.jpg</path>
    <source>
        <database></database>
    </source>
    <size>
        <width>1024</width>
        <height>682</height>
        <depth>3</depth>
    </size>
    <segmented></segmented>
    <object>
        <name>Person</name>
        <IsTruncated>False</IsTruncated>
        <IsGroupOf>False</IsGroupOf>
        <IsOccluded>True</IsOccluded>
        <IsDepiction>False</IsDepiction>
        <IsInside>False</IsInside>
        <bndbox>
            <xmin>496</xmin>
            <ymin>282</ymin>
            <xmax>860</xmax>
            <ymax>591</ymax>
        </bndbox>
    </object>
</annotation>