<annotation>
    <folder></folder>
    <filename>000c984366d5aa17.jpg</filename>
    <path>C:\Users\deoli\Desktop\V7_export\data\000c984366d5aa17.jpg</path>
    <source>
        <database></database>
    </source>
    <size>
        <width>819</width>
        <height>1024</height>
        <depth>3</depth>
    </size>
    <segmented></segmented>
    <object>
        <name>Boat</name>
        <IsTruncated>False</IsTruncated>
        <IsGroupOf>False</IsGroupOf>
        <IsOccluded>True</IsOccluded>
        <IsDepiction>False</IsDepiction>
        <IsInside>False</IsInside>
        <bndbox>
            <xmin>146</xmin>
            <ymin>48</ymin>
            <xmax>635</xmax>
            <ymax>973</ymax>
        </bndbox>
    </object>
</annotation>