<annotation>
    <folder></folder>
    <filename>000de3ca54bd4c1a.jpg</filename>
    <path>C:\Users\deoli\Desktop\V7_export\data\000de3ca54bd4c1a.jpg</path>
    <source>
        <database></database>
    </source>
    <size>
        <width>1024</width>
        <height>768</height>
        <depth>3</depth>
    </size>
    <segmented></segmented>
    <object>
        <name>Person</name>
        <IsTruncated>True</IsTruncated>
        <IsGroupOf>False</IsGroupOf>
        <IsOccluded>True</IsOccluded>
        <IsDepiction>False</IsDepiction>
        <IsInside>False</IsInside>
        <bndbox>
            <xmin>212</xmin>
            <ymin>236</ymin>
            <xmax>635</xmax>
            <ymax>768</ymax>
        </bndbox>
    </object>
</annotation>