<annotation>
    <folder></folder>
    <filename>000d717eed4405cd.jpg</filename>
    <path>C:\Users\deoli\Desktop\V7_export\data\000d717eed4405cd.jpg</path>
    <source>
        <database></database>
    </source>
    <size>
        <width>1024</width>
        <height>682</height>
        <depth>3</depth>
    </size>
    <segmented></segmented>
    <object>
        <name>Airplane</name>
        <IsTruncated>False</IsTruncated>
        <IsGroupOf>False</IsGroupOf>
        <IsOccluded>False</IsOccluded>
        <IsDepiction>False</IsDepiction>
        <IsInside>False</IsInside>
        <bndbox>
            <xmin>100</xmin>
            <ymin>162</ymin>
            <xmax>938</xmax>
            <ymax>494</ymax>
        </bndbox>
    </object>
</annotation>