<annotation>
    <folder></folder>
    <filename>000f6e054dde03c8.jpg</filename>
    <path>C:\Users\deoli\Desktop\V7_export\data\000f6e054dde03c8.jpg</path>
    <source>
        <database></database>
    </source>
    <size>
        <width>1024</width>
        <height>770</height>
        <depth>3</depth>
    </size>
    <segmented></segmented>
    <object>
        <name>Bird</name>
        <IsTruncated>False</IsTruncated>
        <IsGroupOf>False</IsGroupOf>
        <IsOccluded>False</IsOccluded>
        <IsDepiction>False</IsDepiction>
        <IsInside>False</IsInside>
        <bndbox>
            <xmin>328</xmin>
            <ymin>263</ymin>
            <xmax>868</xmax>
            <ymax>603</ymax>
        </bndbox>
    </object>
</annotation>