<annotation>
    <folder></folder>
    <filename>0011a9e33cde56fc.jpg</filename>
    <path>C:\Users\deoli\Desktop\V7_export\data\0011a9e33cde56fc.jpg</path>
    <source>
        <database></database>
    </source>
    <size>
        <width>768</width>
        <height>1024</height>
        <depth>3</depth>
    </size>
    <segmented></segmented>
    <object>
        <name>Horse</name>
        <IsTruncated>False</IsTruncated>
        <IsGroupOf>False</IsGroupOf>
        <IsOccluded>False</IsOccluded>
        <IsDepiction>False</IsDepiction>
        <IsInside>False</IsInside>
        <bndbox>
            <xmin>202</xmin>
            <ymin>411</ymin>
            <xmax>602</xmax>
            <ymax>879</ymax>
        </bndbox>
    </object>
</annotation>