<annotation>
    <folder></folder>
    <filename>001119b7264d31c8.jpg</filename>
    <path>C:\Users\deoli\Desktop\V7_export\data\001119b7264d31c8.jpg</path>
    <source>
        <database></database>
    </source>
    <size>
        <width>1024</width>
        <height>792</height>
        <depth>3</depth>
    </size>
    <segmented></segmented>
    <object>
        <name>Bird</name>
        <IsTruncated>False</IsTruncated>
        <IsGroupOf>False</IsGroupOf>
        <IsOccluded>True</IsOccluded>
        <IsDepiction>False</IsDepiction>
        <IsInside>False</IsInside>
        <bndbox>
            <xmin>229</xmin>
            <ymin>87</ymin>
            <xmax>560</xmax>
            <ymax>696</ymax>
        </bndbox>
    </object>
</annotation>