<annotation>
    <folder></folder>
    <filename>0012d875044bfa35.jpg</filename>
    <path>C:\Users\deoli\Desktop\V7_export\data\0012d875044bfa35.jpg</path>
    <source>
        <database></database>
    </source>
    <size>
        <width>1024</width>
        <height>576</height>
        <depth>3</depth>
    </size>
    <segmented></segmented>
    <object>
        <name>Dog</name>
        <IsTruncated>False</IsTruncated>
        <IsGroupOf>False</IsGroupOf>
        <IsOccluded>False</IsOccluded>
        <IsDepiction>False</IsDepiction>
        <IsInside>False</IsInside>
        <bndbox>
            <xmin>295</xmin>
            <ymin>39</ymin>
            <xmax>789</xmax>
            <ymax>492</ymax>
        </bndbox>
    </object>
</annotation>