<annotation>
    <folder></folder>
    <filename>00125683be9a92c8.jpg</filename>
    <path>C:\Users\deoli\Desktop\V7_export\data\00125683be9a92c8.jpg</path>
    <source>
        <database></database>
    </source>
    <size>
        <width>1024</width>
        <height>683</height>
        <depth>3</depth>
    </size>
    <segmented></segmented>
    <object>
        <name>Person</name>
        <IsTruncated>False</IsTruncated>
        <IsGroupOf>False</IsGroupOf>
        <IsOccluded>False</IsOccluded>
        <IsDepiction>False</IsDepiction>
        <IsInside>False</IsInside>
        <bndbox>
            <xmin>574</xmin>
            <ymin>92</ymin>
            <xmax>933</xmax>
            <ymax>682</ymax>
        </bndbox>
    </object>
</annotation>