<annotation>
    <folder></folder>
    <filename>001262238e05ed00.jpg</filename>
    <path>C:\Users\deoli\Desktop\V7_export\data\001262238e05ed00.jpg</path>
    <source>
        <database></database>
    </source>
    <size>
        <width>1024</width>
        <height>768</height>
        <depth>3</depth>
    </size>
    <segmented></segmented>
    <object>
        <name>Person</name>
        <IsTruncated>True</IsTruncated>
        <IsGroupOf>True</IsGroupOf>
        <IsOccluded>True</IsOccluded>
        <IsDepiction>False</IsDepiction>
        <IsInside>False</IsInside>
        <bndbox>
            <xmin>0</xmin>
            <ymin>152</ymin>
            <xmax>1023</xmax>
            <ymax>767</ymax>
        </bndbox>
    </object>
</annotation>