<annotation>
    <folder></folder>
    <filename>0012d2efdbe3cb40.jpg</filename>
    <path>C:\Users\deoli\Desktop\V7_export\data\0012d2efdbe3cb40.jpg</path>
    <source>
        <database></database>
    </source>
    <size>
        <width>1024</width>
        <height>768</height>
        <depth>3</depth>
    </size>
    <segmented></segmented>
    <object>
        <name>Person</name>
        <IsTruncated>False</IsTruncated>
        <IsGroupOf>False</IsGroupOf>
        <IsOccluded>True</IsOccluded>
        <IsDepiction>False</IsDepiction>
        <IsInside>False</IsInside>
        <bndbox>
            <xmin>309</xmin>
            <ymin>393</ymin>
            <xmax>337</xmax>
            <ymax>429</ymax>
        </bndbox>
    </object>
</annotation>