<annotation>
    <folder></folder>
    <filename>001334fab7b5b1f9.jpg</filename>
    <path>C:\Users\deoli\Desktop\V7_export\data\001334fab7b5b1f9.jpg</path>
    <source>
        <database></database>
    </source>
    <size>
        <width>678</width>
        <height>1024</height>
        <depth>3</depth>
    </size>
    <segmented></segmented>
    <object>
        <name>Boat</name>
        <IsTruncated>False</IsTruncated>
        <IsGroupOf>False</IsGroupOf>
        <IsOccluded>True</IsOccluded>
        <IsDepiction>False</IsDepiction>
        <IsInside>False</IsInside>
        <bndbox>
            <xmin>247</xmin>
            <ymin>712</ymin>
            <xmax>600</xmax>
            <ymax>848</ymax>
        </bndbox>
    </object>
</annotation>