<annotation>
    <folder></folder>
    <filename>0013ae186a0c98c8.jpg</filename>
    <path>C:\Users\deoli\Desktop\V7_export\data\0013ae186a0c98c8.jpg</path>
    <source>
        <database></database>
    </source>
    <size>
        <width>683</width>
        <height>1024</height>
        <depth>3</depth>
    </size>
    <segmented></segmented>
    <object>
        <name>Dog</name>
        <IsTruncated>False</IsTruncated>
        <IsGroupOf>False</IsGroupOf>
        <IsOccluded>True</IsOccluded>
        <IsDepiction>False</IsDepiction>
        <IsInside>False</IsInside>
        <bndbox>
            <xmin>141</xmin>
            <ymin>440</ymin>
            <xmax>560</xmax>
            <ymax>821</ymax>
        </bndbox>
    </object>
</annotation>