<annotation>
    <folder></folder>
    <filename>00133643bbf063a9.jpg</filename>
    <path>C:\Users\deoli\Desktop\V7_export\data\00133643bbf063a9.jpg</path>
    <source>
        <database></database>
    </source>
    <size>
        <width>1024</width>
        <height>683</height>
        <depth>3</depth>
    </size>
    <segmented></segmented>
    <object>
        <name>Airplane</name>
        <IsTruncated>False</IsTruncated>
        <IsGroupOf>False</IsGroupOf>
        <IsOccluded>False</IsOccluded>
        <IsDepiction>False</IsDepiction>
        <IsInside>False</IsInside>
        <bndbox>
            <xmin>161</xmin>
            <ymin>161</ymin>
            <xmax>928</xmax>
            <ymax>512</ymax>
        </bndbox>
    </object>
</annotation>