<annotation>
    <folder></folder>
    <filename>0014b5e8b9147217.jpg</filename>
    <path>C:\Users\deoli\Desktop\V7_export\data\0014b5e8b9147217.jpg</path>
    <source>
        <database></database>
    </source>
    <size>
        <width>813</width>
        <height>1024</height>
        <depth>3</depth>
    </size>
    <segmented></segmented>
    <object>
        <name>Bird</name>
        <IsTruncated>False</IsTruncated>
        <IsGroupOf>False</IsGroupOf>
        <IsOccluded>True</IsOccluded>
        <IsDepiction>False</IsDepiction>
        <IsInside>False</IsInside>
        <bndbox>
            <xmin>159</xmin>
            <ymin>138</ymin>
            <xmax>512</xmax>
            <ymax>753</ymax>
        </bndbox>
    </object>
</annotation>