<annotation>
    <folder></folder>
    <filename>00143d52face12a4.jpg</filename>
    <path>C:\Users\deoli\Desktop\V7_export\data\00143d52face12a4.jpg</path>
    <source>
        <database></database>
    </source>
    <size>
        <width>1024</width>
        <height>768</height>
        <depth>3</depth>
    </size>
    <segmented></segmented>
    <object>
        <name>Train</name>
        <IsTruncated>True</IsTruncated>
        <IsGroupOf>True</IsGroupOf>
        <IsOccluded>True</IsOccluded>
        <IsDepiction>True</IsDepiction>
        <IsInside>False</IsInside>
        <bndbox>
            <xmin>0</xmin>
            <ymin>317</ymin>
            <xmax>917</xmax>
            <ymax>767</ymax>
        </bndbox>
    </object>
</annotation>