<annotation>
    <folder></folder>
    <filename>0014ff940ffd9e28.jpg</filename>
    <path>C:\Users\deoli\Desktop\V7_export\data\0014ff940ffd9e28.jpg</path>
    <source>
        <database></database>
    </source>
    <size>
        <width>768</width>
        <height>1024</height>
        <depth>3</depth>
    </size>
    <segmented></segmented>
    <object>
        <name>Person</name>
        <IsTruncated>False</IsTruncated>
        <IsGroupOf>False</IsGroupOf>
        <IsOccluded>True</IsOccluded>
        <IsDepiction>False</IsDepiction>
        <IsInside>False</IsInside>
        <bndbox>
            <xmin>6</xmin>
            <ymin>748</ymin>
            <xmax>104</xmax>
            <ymax>874</ymax>
        </bndbox>
    </object>
</annotation>