<annotation>
    <folder></folder>
    <filename>0014abacca6a504b.jpg</filename>
    <path>C:\Users\deoli\Desktop\V7_export\data\0014abacca6a504b.jpg</path>
    <source>
        <database></database>
    </source>
    <size>
        <width>1024</width>
        <height>682</height>
        <depth>3</depth>
    </size>
    <segmented></segmented>
    <object>
        <name>Airplane</name>
        <IsTruncated>True</IsTruncated>
        <IsGroupOf>False</IsGroupOf>
        <IsOccluded>False</IsOccluded>
        <IsDepiction>False</IsDepiction>
        <IsInside>False</IsInside>
        <bndbox>
            <xmin>376</xmin>
            <ymin>223</ymin>
            <xmax>1022</xmax>
            <ymax>451</ymax>
        </bndbox>
    </object>
</annotation>