<annotation>
    <folder></folder>
    <filename>0014169878a84bd5.jpg</filename>
    <path>C:\Users\deoli\Desktop\V7_export\data\0014169878a84bd5.jpg</path>
    <source>
        <database></database>
    </source>
    <size>
        <width>1024</width>
        <height>768</height>
        <depth>3</depth>
    </size>
    <segmented></segmented>
    <object>
        <name>Dog</name>
        <IsTruncated>False</IsTruncated>
        <IsGroupOf>False</IsGroupOf>
        <IsOccluded>False</IsOccluded>
        <IsDepiction>False</IsDepiction>
        <IsInside>False</IsInside>
        <bndbox>
            <xmin>60</xmin>
            <ymin>216</ymin>
            <xmax>910</xmax>
            <ymax>570</ymax>
        </bndbox>
    </object>
</annotation>