<annotation>
    <folder></folder>
    <filename>0014909be5c9f4d7.jpg</filename>
    <path>C:\Users\deoli\Desktop\V7_export\data\0014909be5c9f4d7.jpg</path>
    <source>
        <database></database>
    </source>
    <size>
        <width>1024</width>
        <height>768</height>
        <depth>3</depth>
    </size>
    <segmented></segmented>
    <object>
        <name>Person</name>
        <IsTruncated>False</IsTruncated>
        <IsGroupOf>False</IsGroupOf>
        <IsOccluded>False</IsOccluded>
        <IsDepiction>False</IsDepiction>
        <IsInside>False</IsInside>
        <bndbox>
            <xmin>746</xmin>
            <ymin>298</ymin>
            <xmax>817</xmax>
            <ymax>529</ymax>
        </bndbox>
    </object>
</annotation>