<annotation>
    <folder></folder>
    <filename>00153bd4b08d8457.jpg</filename>
    <path>C:\Users\deoli\Desktop\V7_export\data\00153bd4b08d8457.jpg</path>
    <source>
        <database></database>
    </source>
    <size>
        <width>1024</width>
        <height>674</height>
        <depth>3</depth>
    </size>
    <segmented></segmented>
    <object>
        <name>Bird</name>
        <IsTruncated>False</IsTruncated>
        <IsGroupOf>False</IsGroupOf>
        <IsOccluded>False</IsOccluded>
        <IsDepiction>False</IsDepiction>
        <IsInside>False</IsInside>
        <bndbox>
            <xmin>290</xmin>
            <ymin>138</ymin>
            <xmax>776</xmax>
            <ymax>385</ymax>
        </bndbox>
    </object>
</annotation>