<annotation>
    <folder></folder>
    <filename>0015ee183eb495b8.jpg</filename>
    <path>C:\Users\deoli\Desktop\V7_export\data\0015ee183eb495b8.jpg</path>
    <source>
        <database></database>
    </source>
    <size>
        <width>1024</width>
        <height>768</height>
        <depth>3</depth>
    </size>
    <segmented></segmented>
    <object>
        <name>Person</name>
        <IsTruncated>False</IsTruncated>
        <IsGroupOf>False</IsGroupOf>
        <IsOccluded>True</IsOccluded>
        <IsDepiction>False</IsDepiction>
        <IsInside>False</IsInside>
        <bndbox>
            <xmin>843</xmin>
            <ymin>437</ymin>
            <xmax>947</xmax>
            <ymax>752</ymax>
        </bndbox>
    </object>
</annotation>