<annotation>
    <folder></folder>
    <filename>00151191be09d864.jpg</filename>
    <path>C:\Users\deoli\Desktop\V7_export\data\00151191be09d864.jpg</path>
    <source>
        <database></database>
    </source>
    <size>
        <width>1024</width>
        <height>683</height>
        <depth>3</depth>
    </size>
    <segmented></segmented>
    <object>
        <name>Boat</name>
        <IsTruncated>False</IsTruncated>
        <IsGroupOf>False</IsGroupOf>
        <IsOccluded>True</IsOccluded>
        <IsDepiction>False</IsDepiction>
        <IsInside>False</IsInside>
        <bndbox>
            <xmin>231</xmin>
            <ymin>488</ymin>
            <xmax>591</xmax>
            <ymax>594</ymax>
        </bndbox>
    </object>
</annotation>