<annotation>
    <folder></folder>
    <filename>00164b0a643be85b.jpg</filename>
    <path>C:\Users\deoli\Desktop\V7_export\data\00164b0a643be85b.jpg</path>
    <source>
        <database></database>
    </source>
    <size>
        <width>1024</width>
        <height>683</height>
        <depth>3</depth>
    </size>
    <segmented></segmented>
    <object>
        <name>Dog</name>
        <IsTruncated>False</IsTruncated>
        <IsGroupOf>False</IsGroupOf>
        <IsOccluded>True</IsOccluded>
        <IsDepiction>False</IsDepiction>
        <IsInside>False</IsInside>
        <bndbox>
            <xmin>458</xmin>
            <ymin>257</ymin>
            <xmax>550</xmax>
            <ymax>349</ymax>
        </bndbox>
    </object>
</annotation>