<annotation>
    <folder></folder>
    <filename>0016eb70587f37d4.jpg</filename>
    <path>C:\Users\deoli\Desktop\V7_export\data\0016eb70587f37d4.jpg</path>
    <source>
        <database></database>
    </source>
    <size>
        <width>1024</width>
        <height>1024</height>
        <depth>3</depth>
    </size>
    <segmented></segmented>
    <object>
        <name>Bird</name>
        <IsTruncated>False</IsTruncated>
        <IsGroupOf>False</IsGroupOf>
        <IsOccluded>False</IsOccluded>
        <IsDepiction>False</IsDepiction>
        <IsInside>False</IsInside>
        <bndbox>
            <xmin>48</xmin>
            <ymin>421</ymin>
            <xmax>615</xmax>
            <ymax>853</ymax>
        </bndbox>
    </object>
</annotation>