<annotation>
    <folder></folder>
    <filename>001799237d3ed58e.jpg</filename>
    <path>C:\Users\deoli\Desktop\V7_export\data\001799237d3ed58e.jpg</path>
    <source>
        <database></database>
    </source>
    <size>
        <width>1024</width>
        <height>683</height>
        <depth>3</depth>
    </size>
    <segmented></segmented>
    <object>
        <name>Dog</name>
        <IsTruncated>False</IsTruncated>
        <IsGroupOf>False</IsGroupOf>
        <IsOccluded>True</IsOccluded>
        <IsDepiction>False</IsDepiction>
        <IsInside>False</IsInside>
        <bndbox>
            <xmin>52</xmin>
            <ymin>123</ymin>
            <xmax>902</xmax>
            <ymax>486</ymax>
        </bndbox>
    </object>
</annotation>