<annotation>
    <folder></folder>
    <filename>0017f244c722c3f4.jpg</filename>
    <path>C:\Users\deoli\Desktop\V7_export\data\0017f244c722c3f4.jpg</path>
    <source>
        <database></database>
    </source>
    <size>
        <width>768</width>
        <height>1024</height>
        <depth>3</depth>
    </size>
    <segmented></segmented>
    <object>
        <name>Boat</name>
        <IsTruncated>False</IsTruncated>
        <IsGroupOf>False</IsGroupOf>
        <IsOccluded>False</IsOccluded>
        <IsDepiction>False</IsDepiction>
        <IsInside>False</IsInside>
        <bndbox>
            <xmin>131</xmin>
            <ymin>317</ymin>
            <xmax>683</xmax>
            <ymax>809</ymax>
        </bndbox>
    </object>
</annotation>