<annotation>
    <folder></folder>
    <filename>00188d7f40a84793.jpg</filename>
    <path>C:\Users\deoli\Desktop\V7_export\data\00188d7f40a84793.jpg</path>
    <source>
        <database></database>
    </source>
    <size>
        <width>1024</width>
        <height>793</height>
        <depth>3</depth>
    </size>
    <segmented></segmented>
    <object>
        <name>Bird</name>
        <IsTruncated>False</IsTruncated>
        <IsGroupOf>False</IsGroupOf>
        <IsOccluded>False</IsOccluded>
        <IsDepiction>False</IsDepiction>
        <IsInside>False</IsInside>
        <bndbox>
            <xmin>138</xmin>
            <ymin>69</ymin>
            <xmax>979</xmax>
            <ymax>737</ymax>
        </bndbox>
    </object>
</annotation>