<annotation>
    <folder></folder>
    <filename>0019757ca6f64107.jpg</filename>
    <path>C:\Users\deoli\Desktop\V7_export\data\0019757ca6f64107.jpg</path>
    <source>
        <database></database>
    </source>
    <size>
        <width>1024</width>
        <height>768</height>
        <depth>3</depth>
    </size>
    <segmented></segmented>
    <object>
        <name>Cat</name>
        <IsTruncated>False</IsTruncated>
        <IsGroupOf>False</IsGroupOf>
        <IsOccluded>True</IsOccluded>
        <IsDepiction>False</IsDepiction>
        <IsInside>False</IsInside>
        <bndbox>
            <xmin>0</xmin>
            <ymin>101</ymin>
            <xmax>900</xmax>
            <ymax>606</ymax>
        </bndbox>
    </object>
</annotation>