<annotation>
    <folder></folder>
    <filename>001945ad2301fe7a.jpg</filename>
    <path>C:\Users\deoli\Desktop\V7_export\data\001945ad2301fe7a.jpg</path>
    <source>
        <database></database>
    </source>
    <size>
        <width>1024</width>
        <height>682</height>
        <depth>3</depth>
    </size>
    <segmented></segmented>
    <object>
        <name>Boat</name>
        <IsTruncated>False</IsTruncated>
        <IsGroupOf>False</IsGroupOf>
        <IsOccluded>False</IsOccluded>
        <IsDepiction>False</IsDepiction>
        <IsInside>False</IsInside>
        <bndbox>
            <xmin>472</xmin>
            <ymin>70</ymin>
            <xmax>561</xmax>
            <ymax>398</ymax>
        </bndbox>
    </object>
</annotation>