<annotation>
    <folder></folder>
    <filename>0019fedac011b75d.jpg</filename>
    <path>C:\Users\deoli\Desktop\V7_export\data\0019fedac011b75d.jpg</path>
    <source>
        <database></database>
    </source>
    <size>
        <width>768</width>
        <height>768</height>
        <depth>3</depth>
    </size>
    <segmented></segmented>
    <object>
        <name>Boat</name>
        <IsTruncated>False</IsTruncated>
        <IsGroupOf>False</IsGroupOf>
        <IsOccluded>False</IsOccluded>
        <IsDepiction>False</IsDepiction>
        <IsInside>False</IsInside>
        <bndbox>
            <xmin>193</xmin>
            <ymin>601</ymin>
            <xmax>363</xmax>
            <ymax>696</ymax>
        </bndbox>
    </object>
</annotation>