<annotation>
    <folder></folder>
    <filename>00197838b69e4ba8.jpg</filename>
    <path>C:\Users\deoli\Desktop\V7_export\data\00197838b69e4ba8.jpg</path>
    <source>
        <database></database>
    </source>
    <size>
        <width>1024</width>
        <height>776</height>
        <depth>3</depth>
    </size>
    <segmented></segmented>
    <object>
        <name>Boat</name>
        <IsTruncated>False</IsTruncated>
        <IsGroupOf>False</IsGroupOf>
        <IsOccluded>False</IsOccluded>
        <IsDepiction>False</IsDepiction>
        <IsInside>False</IsInside>
        <bndbox>
            <xmin>0</xmin>
            <ymin>30</ymin>
            <xmax>1023</xmax>
            <ymax>775</ymax>
        </bndbox>
    </object>
</annotation>