<annotation>
    <folder></folder>
    <filename>0019edb653711193.jpg</filename>
    <path>C:\Users\deoli\Desktop\V7_export\data\0019edb653711193.jpg</path>
    <source>
        <database></database>
    </source>
    <size>
        <width>1024</width>
        <height>576</height>
        <depth>3</depth>
    </size>
    <segmented></segmented>
    <object>
        <name>Cat</name>
        <IsTruncated>False</IsTruncated>
        <IsGroupOf>False</IsGroupOf>
        <IsOccluded>False</IsOccluded>
        <IsDepiction>False</IsDepiction>
        <IsInside>False</IsInside>
        <bndbox>
            <xmin>165</xmin>
            <ymin>119</ymin>
            <xmax>803</xmax>
            <ymax>485</ymax>
        </bndbox>
    </object>
</annotation>