<annotation>
    <folder></folder>
    <filename>001a23c9dd973787.jpg</filename>
    <path>C:\Users\deoli\Desktop\V7_export\data\001a23c9dd973787.jpg</path>
    <source>
        <database></database>
    </source>
    <size>
        <width>1024</width>
        <height>768</height>
        <depth>3</depth>
    </size>
    <segmented></segmented>
    <object>
        <name>Dog</name>
        <IsTruncated>False</IsTruncated>
        <IsGroupOf>False</IsGroupOf>
        <IsOccluded>False</IsOccluded>
        <IsDepiction>False</IsDepiction>
        <IsInside>False</IsInside>
        <bndbox>
            <xmin>30</xmin>
            <ymin>94</ymin>
            <xmax>557</xmax>
            <ymax>588</ymax>
        </bndbox>
    </object>
</annotation>