<annotation>
    <folder></folder>
    <filename>001a764eff386419.jpg</filename>
    <path>C:\Users\deoli\Desktop\V7_export\data\001a764eff386419.jpg</path>
    <source>
        <database></database>
    </source>
    <size>
        <width>697</width>
        <height>1024</height>
        <depth>3</depth>
    </size>
    <segmented></segmented>
    <object>
        <name>Person</name>
        <IsTruncated>True</IsTruncated>
        <IsGroupOf>False</IsGroupOf>
        <IsOccluded>False</IsOccluded>
        <IsDepiction>False</IsDepiction>
        <IsInside>False</IsInside>
        <bndbox>
            <xmin>527</xmin>
            <ymin>311</ymin>
            <xmax>696</xmax>
            <ymax>1023</ymax>
        </bndbox>
    </object>
</annotation>