<annotation>
    <folder></folder>
    <filename>001a09c6d3585b52.jpg</filename>
    <path>C:\Users\deoli\Desktop\V7_export\data\001a09c6d3585b52.jpg</path>
    <source>
        <database></database>
    </source>
    <size>
        <width>1024</width>
        <height>768</height>
        <depth>1</depth>
    </size>
    <segmented></segmented>
    <object>
        <name>Person</name>
        <IsTruncated>False</IsTruncated>
        <IsGroupOf>False</IsGroupOf>
        <IsOccluded>True</IsOccluded>
        <IsDepiction>False</IsDepiction>
        <IsInside>False</IsInside>
        <bndbox>
            <xmin>686</xmin>
            <ymin>2</ymin>
            <xmax>1021</xmax>
            <ymax>567</ymax>
        </bndbox>
    </object>
</annotation>