<annotation>
    <folder></folder>
    <filename>001a8ef7d32b1fdc.jpg</filename>
    <path>C:\Users\deoli\Desktop\V7_export\data\001a8ef7d32b1fdc.jpg</path>
    <source>
        <database></database>
    </source>
    <size>
        <width>1024</width>
        <height>685</height>
        <depth>3</depth>
    </size>
    <segmented></segmented>
    <object>
        <name>Bird</name>
        <IsTruncated>False</IsTruncated>
        <IsGroupOf>False</IsGroupOf>
        <IsOccluded>False</IsOccluded>
        <IsDepiction>False</IsDepiction>
        <IsInside>False</IsInside>
        <bndbox>
            <xmin>524</xmin>
            <ymin>301</ymin>
            <xmax>575</xmax>
            <ymax>428</ymax>
        </bndbox>
    </object>
</annotation>