<annotation>
    <folder></folder>
    <filename>001b61e5094d71cb.jpg</filename>
    <path>C:\Users\deoli\Desktop\V7_export\data\001b61e5094d71cb.jpg</path>
    <source>
        <database></database>
    </source>
    <size>
        <width>768</width>
        <height>1024</height>
        <depth>3</depth>
    </size>
    <segmented></segmented>
    <object>
        <name>Cat</name>
        <IsTruncated>False</IsTruncated>
        <IsGroupOf>False</IsGroupOf>
        <IsOccluded>False</IsOccluded>
        <IsDepiction>False</IsDepiction>
        <IsInside>False</IsInside>
        <bndbox>
            <xmin>240</xmin>
            <ymin>523</ymin>
            <xmax>606</xmax>
            <ymax>785</ymax>
        </bndbox>
    </object>
</annotation>