<annotation>
    <folder></folder>
    <filename>001b283e93591cf4.jpg</filename>
    <path>C:\Users\deoli\Desktop\V7_export\data\001b283e93591cf4.jpg</path>
    <source>
        <database></database>
    </source>
    <size>
        <width>1024</width>
        <height>768</height>
        <depth>3</depth>
    </size>
    <segmented></segmented>
    <object>
        <name>Dog</name>
        <IsTruncated>True</IsTruncated>
        <IsGroupOf>False</IsGroupOf>
        <IsOccluded>False</IsOccluded>
        <IsDepiction>False</IsDepiction>
        <IsInside>False</IsInside>
        <bndbox>
            <xmin>90</xmin>
            <ymin>115</ymin>
            <xmax>794</xmax>
            <ymax>767</ymax>
        </bndbox>
    </object>
</annotation>