<annotation>
    <folder></folder>
    <filename>001be2342180e406.jpg</filename>
    <path>C:\Users\deoli\Desktop\V7_export\data\001be2342180e406.jpg</path>
    <source>
        <database></database>
    </source>
    <size>
        <width>1024</width>
        <height>768</height>
        <depth>3</depth>
    </size>
    <segmented></segmented>
    <object>
        <name>Dog</name>
        <IsTruncated>False</IsTruncated>
        <IsGroupOf>False</IsGroupOf>
        <IsOccluded>True</IsOccluded>
        <IsDepiction>True</IsDepiction>
        <IsInside>False</IsInside>
        <bndbox>
            <xmin>180</xmin>
            <ymin>30</ymin>
            <xmax>984</xmax>
            <ymax>593</ymax>
        </bndbox>
    </object>
</annotation>