<annotation>
    <folder></folder>
    <filename>001c63ece613775c.jpg</filename>
    <path>C:\Users\deoli\Desktop\V7_export\data\001c63ece613775c.jpg</path>
    <source>
        <database></database>
    </source>
    <size>
        <width>1024</width>
        <height>680</height>
        <depth>3</depth>
    </size>
    <segmented></segmented>
    <object>
        <name>Airplane</name>
        <IsTruncated>True</IsTruncated>
        <IsGroupOf>False</IsGroupOf>
        <IsOccluded>True</IsOccluded>
        <IsDepiction>False</IsDepiction>
        <IsInside>False</IsInside>
        <bndbox>
            <xmin>0</xmin>
            <ymin>0</ymin>
            <xmax>1023</xmax>
            <ymax>618</ymax>
        </bndbox>
    </object>
</annotation>