<annotation>
    <folder></folder>
    <filename>001c9606f49c59c4.jpg</filename>
    <path>C:\Users\deoli\Desktop\V7_export\data\001c9606f49c59c4.jpg</path>
    <source>
        <database></database>
    </source>
    <size>
        <width>1024</width>
        <height>688</height>
        <depth>3</depth>
    </size>
    <segmented></segmented>
    <object>
        <name>Bird</name>
        <IsTruncated>False</IsTruncated>
        <IsGroupOf>False</IsGroupOf>
        <IsOccluded>False</IsOccluded>
        <IsDepiction>False</IsDepiction>
        <IsInside>False</IsInside>
        <bndbox>
            <xmin>185</xmin>
            <ymin>147</ymin>
            <xmax>678</xmax>
            <ymax>525</ymax>
        </bndbox>
    </object>
</annotation>