<annotation>
    <folder></folder>
    <filename>001efa9e9adb51ed.jpg</filename>
    <path>C:\Users\deoli\Desktop\V7_export\data\001efa9e9adb51ed.jpg</path>
    <source>
        <database></database>
    </source>
    <size>
        <width>768</width>
        <height>1024</height>
        <depth>3</depth>
    </size>
    <segmented></segmented>
    <object>
        <name>Bird</name>
        <IsTruncated>False</IsTruncated>
        <IsGroupOf>False</IsGroupOf>
        <IsOccluded>False</IsOccluded>
        <IsDepiction>False</IsDepiction>
        <IsInside>False</IsInside>
        <bndbox>
            <xmin>272</xmin>
            <ymin>391</ymin>
            <xmax>560</xmax>
            <ymax>821</ymax>
        </bndbox>
    </object>
</annotation>