<annotation>
    <folder></folder>
    <filename>001ed4dc220ca57f.jpg</filename>
    <path>C:\Users\deoli\Desktop\V7_export\data\001ed4dc220ca57f.jpg</path>
    <source>
        <database></database>
    </source>
    <size>
        <width>1024</width>
        <height>695</height>
        <depth>3</depth>
    </size>
    <segmented></segmented>
    <object>
        <name>Dog</name>
        <IsTruncated>False</IsTruncated>
        <IsGroupOf>False</IsGroupOf>
        <IsOccluded>True</IsOccluded>
        <IsDepiction>False</IsDepiction>
        <IsInside>False</IsInside>
        <bndbox>
            <xmin>98</xmin>
            <ymin>35</ymin>
            <xmax>504</xmax>
            <ymax>355</ymax>
        </bndbox>
    </object>
</annotation>