<annotation>
    <folder></folder>
    <filename>001e0b7c387bdd06.jpg</filename>
    <path>C:\Users\deoli\Desktop\V7_export\data\001e0b7c387bdd06.jpg</path>
    <source>
        <database></database>
    </source>
    <size>
        <width>721</width>
        <height>1024</height>
        <depth>3</depth>
    </size>
    <segmented></segmented>
    <object>
        <name>Dog</name>
        <IsTruncated>True</IsTruncated>
        <IsGroupOf>False</IsGroupOf>
        <IsOccluded>True</IsOccluded>
        <IsDepiction>False</IsDepiction>
        <IsInside>False</IsInside>
        <bndbox>
            <xmin>11</xmin>
            <ymin>20</ymin>
            <xmax>720</xmax>
            <ymax>1023</ymax>
        </bndbox>
    </object>
</annotation>