<annotation>
    <folder></folder>
    <filename>001e040e9f8a2d4f.jpg</filename>
    <path>C:\Users\deoli\Desktop\V7_export\data\001e040e9f8a2d4f.jpg</path>
    <source>
        <database></database>
    </source>
    <size>
        <width>1004</width>
        <height>1024</height>
        <depth>3</depth>
    </size>
    <segmented></segmented>
    <object>
        <name>Boat</name>
        <IsTruncated>False</IsTruncated>
        <IsGroupOf>False</IsGroupOf>
        <IsOccluded>True</IsOccluded>
        <IsDepiction>False</IsDepiction>
        <IsInside>False</IsInside>
        <bndbox>
            <xmin>193</xmin>
            <ymin>62</ymin>
            <xmax>753</xmax>
            <ymax>341</ymax>
        </bndbox>
    </object>
</annotation>