<annotation>
    <folder></folder>
    <filename>001ecac90c6f4457.jpg</filename>
    <path>C:\Users\deoli\Desktop\V7_export\data\001ecac90c6f4457.jpg</path>
    <source>
        <database></database>
    </source>
    <size>
        <width>1024</width>
        <height>1024</height>
        <depth>3</depth>
    </size>
    <segmented></segmented>
    <object>
        <name>Dog</name>
        <IsTruncated>False</IsTruncated>
        <IsGroupOf>False</IsGroupOf>
        <IsOccluded>True</IsOccluded>
        <IsDepiction>False</IsDepiction>
        <IsInside>False</IsInside>
        <bndbox>
            <xmin>310</xmin>
            <ymin>387</ymin>
            <xmax>728</xmax>
            <ymax>670</ymax>
        </bndbox>
    </object>
</annotation>