<annotation>
    <folder></folder>
    <filename>001e5cac5bbb451e.jpg</filename>
    <path>C:\Users\deoli\Desktop\V7_export\data\001e5cac5bbb451e.jpg</path>
    <source>
        <database></database>
    </source>
    <size>
        <width>1024</width>
        <height>683</height>
        <depth>3</depth>
    </size>
    <segmented></segmented>
    <object>
        <name>Train</name>
        <IsTruncated>False</IsTruncated>
        <IsGroupOf>False</IsGroupOf>
        <IsOccluded>True</IsOccluded>
        <IsDepiction>False</IsDepiction>
        <IsInside>False</IsInside>
        <bndbox>
            <xmin>80</xmin>
            <ymin>247</ymin>
            <xmax>734</xmax>
            <ymax>667</ymax>
        </bndbox>
    </object>
</annotation>