<annotation>
    <folder></folder>
    <filename>001f524946cd077e.jpg</filename>
    <path>C:\Users\deoli\Desktop\V7_export\data\001f524946cd077e.jpg</path>
    <source>
        <database></database>
    </source>
    <size>
        <width>1024</width>
        <height>530</height>
        <depth>1</depth>
    </size>
    <segmented></segmented>
    <object>
        <name>Airplane</name>
        <IsTruncated>False</IsTruncated>
        <IsGroupOf>False</IsGroupOf>
        <IsOccluded>False</IsOccluded>
        <IsDepiction>True</IsDepiction>
        <IsInside>False</IsInside>
        <bndbox>
            <xmin>10</xmin>
            <ymin>183</ymin>
            <xmax>991</xmax>
            <ymax>448</ymax>
        </bndbox>
    </object>
</annotation>