<annotation>
    <folder></folder>
    <filename>001f2aaae28c1b91.jpg</filename>
    <path>C:\Users\deoli\Desktop\V7_export\data\001f2aaae28c1b91.jpg</path>
    <source>
        <database></database>
    </source>
    <size>
        <width>683</width>
        <height>1024</height>
        <depth>3</depth>
    </size>
    <segmented></segmented>
    <object>
        <name>Dog</name>
        <IsTruncated>True</IsTruncated>
        <IsGroupOf>False</IsGroupOf>
        <IsOccluded>True</IsOccluded>
        <IsDepiction>False</IsDepiction>
        <IsInside>False</IsInside>
        <bndbox>
            <xmin>199</xmin>
            <ymin>359</ymin>
            <xmax>682</xmax>
            <ymax>1023</ymax>
        </bndbox>
    </object>
</annotation>