<annotation>
    <folder></folder>
    <filename>0020c297db8672b8.jpg</filename>
    <path>C:\Users\deoli\Desktop\V7_export\data\0020c297db8672b8.jpg</path>
    <source>
        <database></database>
    </source>
    <size>
        <width>1024</width>
        <height>766</height>
        <depth>3</depth>
    </size>
    <segmented></segmented>
    <object>
        <name>Dog</name>
        <IsTruncated>False</IsTruncated>
        <IsGroupOf>False</IsGroupOf>
        <IsOccluded>False</IsOccluded>
        <IsDepiction>False</IsDepiction>
        <IsInside>False</IsInside>
        <bndbox>
            <xmin>120</xmin>
            <ymin>179</ymin>
            <xmax>866</xmax>
            <ymax>691</ymax>
        </bndbox>
    </object>
</annotation>