<annotation>
    <folder></folder>
    <filename>0020766c6f2c6d1e.jpg</filename>
    <path>C:\Users\deoli\Desktop\V7_export\data\0020766c6f2c6d1e.jpg</path>
    <source>
        <database></database>
    </source>
    <size>
        <width>1024</width>
        <height>832</height>
        <depth>3</depth>
    </size>
    <segmented></segmented>
    <object>
        <name>Bird</name>
        <IsTruncated>True</IsTruncated>
        <IsGroupOf>False</IsGroupOf>
        <IsOccluded>False</IsOccluded>
        <IsDepiction>False</IsDepiction>
        <IsInside>False</IsInside>
        <bndbox>
            <xmin>192</xmin>
            <ymin>85</ymin>
            <xmax>744</xmax>
            <ymax>831</ymax>
        </bndbox>
    </object>
</annotation>