<annotation>
    <folder></folder>
    <filename>002061916dc674d4.jpg</filename>
    <path>C:\Users\deoli\Desktop\V7_export\data\002061916dc674d4.jpg</path>
    <source>
        <database></database>
    </source>
    <size>
        <width>1024</width>
        <height>972</height>
        <depth>3</depth>
    </size>
    <segmented></segmented>
    <object>
        <name>Bird</name>
        <IsTruncated>False</IsTruncated>
        <IsGroupOf>False</IsGroupOf>
        <IsOccluded>True</IsOccluded>
        <IsDepiction>False</IsDepiction>
        <IsInside>False</IsInside>
        <bndbox>
            <xmin>145</xmin>
            <ymin>110</ymin>
            <xmax>941</xmax>
            <ymax>900</ymax>
        </bndbox>
    </object>
</annotation>