<annotation>
    <folder></folder>
    <filename>0021dfa1799b40bc.jpg</filename>
    <path>C:\Users\deoli\Desktop\V7_export\data\0021dfa1799b40bc.jpg</path>
    <source>
        <database></database>
    </source>
    <size>
        <width>1024</width>
        <height>769</height>
        <depth>3</depth>
    </size>
    <segmented></segmented>
    <object>
        <name>Boat</name>
        <IsTruncated>False</IsTruncated>
        <IsGroupOf>False</IsGroupOf>
        <IsOccluded>True</IsOccluded>
        <IsDepiction>True</IsDepiction>
        <IsInside>False</IsInside>
        <bndbox>
            <xmin>297</xmin>
            <ymin>236</ymin>
            <xmax>457</xmax>
            <ymax>292</ymax>
        </bndbox>
    </object>
</annotation>