<annotation>
    <folder></folder>
    <filename>002254e37e6e8622.jpg</filename>
    <path>C:\Users\deoli\Desktop\V7_export\data\002254e37e6e8622.jpg</path>
    <source>
        <database></database>
    </source>
    <size>
        <width>1024</width>
        <height>694</height>
        <depth>3</depth>
    </size>
    <segmented></segmented>
    <object>
        <name>Bird</name>
        <IsTruncated>False</IsTruncated>
        <IsGroupOf>False</IsGroupOf>
        <IsOccluded>True</IsOccluded>
        <IsDepiction>False</IsDepiction>
        <IsInside>False</IsInside>
        <bndbox>
            <xmin>363</xmin>
            <ymin>165</ymin>
            <xmax>888</xmax>
            <ymax>416</ymax>
        </bndbox>
    </object>
</annotation>