<annotation>
    <folder></folder>
    <filename>0022a3ac2403942b.jpg</filename>
    <path>C:\Users\deoli\Desktop\V7_export\data\0022a3ac2403942b.jpg</path>
    <source>
        <database></database>
    </source>
    <size>
        <width>1024</width>
        <height>768</height>
        <depth>3</depth>
    </size>
    <segmented></segmented>
    <object>
        <name>Boat</name>
        <IsTruncated>True</IsTruncated>
        <IsGroupOf>True</IsGroupOf>
        <IsOccluded>True</IsOccluded>
        <IsDepiction>False</IsDepiction>
        <IsInside>False</IsInside>
        <bndbox>
            <xmin>14</xmin>
            <ymin>14</ymin>
            <xmax>1018</xmax>
            <ymax>751</ymax>
        </bndbox>
    </object>
</annotation>