<annotation>
    <folder></folder>
    <filename>00224280c029ddbb.jpg</filename>
    <path>C:\Users\deoli\Desktop\V7_export\data\00224280c029ddbb.jpg</path>
    <source>
        <database></database>
    </source>
    <size>
        <width>1024</width>
        <height>1024</height>
        <depth>3</depth>
    </size>
    <segmented></segmented>
    <object>
        <name>Bus</name>
        <IsTruncated>False</IsTruncated>
        <IsGroupOf>False</IsGroupOf>
        <IsOccluded>True</IsOccluded>
        <IsDepiction>False</IsDepiction>
        <IsInside>False</IsInside>
        <bndbox>
            <xmin>607</xmin>
            <ymin>680</ymin>
            <xmax>982</xmax>
            <ymax>741</ymax>
        </bndbox>
    </object>
</annotation>