<annotation>
    <folder></folder>
    <filename>00223b48f037a669.jpg</filename>
    <path>C:\Users\deoli\Desktop\V7_export\data\00223b48f037a669.jpg</path>
    <source>
        <database></database>
    </source>
    <size>
        <width>1024</width>
        <height>683</height>
        <depth>3</depth>
    </size>
    <segmented></segmented>
    <object>
        <name>Bird</name>
        <IsTruncated>False</IsTruncated>
        <IsGroupOf>False</IsGroupOf>
        <IsOccluded>False</IsOccluded>
        <IsDepiction>False</IsDepiction>
        <IsInside>False</IsInside>
        <bndbox>
            <xmin>135</xmin>
            <ymin>48</ymin>
            <xmax>707</xmax>
            <ymax>473</ymax>
        </bndbox>
    </object>
</annotation>