<annotation>
    <folder></folder>
    <filename>0022b2f2d492b9db.jpg</filename>
    <path>C:\Users\deoli\Desktop\V7_export\data\0022b2f2d492b9db.jpg</path>
    <source>
        <database></database>
    </source>
    <size>
        <width>1024</width>
        <height>540</height>
        <depth>3</depth>
    </size>
    <segmented></segmented>
    <object>
        <name>Airplane</name>
        <IsTruncated>False</IsTruncated>
        <IsGroupOf>False</IsGroupOf>
        <IsOccluded>False</IsOccluded>
        <IsDepiction>False</IsDepiction>
        <IsInside>False</IsInside>
        <bndbox>
            <xmin>151</xmin>
            <ymin>111</ymin>
            <xmax>996</xmax>
            <ymax>443</ymax>
        </bndbox>
    </object>
</annotation>