<annotation>
    <folder></folder>
    <filename>0023d7570e8bdb6f.jpg</filename>
    <path>C:\Users\deoli\Desktop\V7_export\data\0023d7570e8bdb6f.jpg</path>
    <source>
        <database></database>
    </source>
    <size>
        <width>1024</width>
        <height>640</height>
        <depth>3</depth>
    </size>
    <segmented></segmented>
    <object>
        <name>Train</name>
        <IsTruncated>True</IsTruncated>
        <IsGroupOf>False</IsGroupOf>
        <IsOccluded>True</IsOccluded>
        <IsDepiction>False</IsDepiction>
        <IsInside>False</IsInside>
        <bndbox>
            <xmin>62</xmin>
            <ymin>220</ymin>
            <xmax>1023</xmax>
            <ymax>496</ymax>
        </bndbox>
    </object>
</annotation>