<annotation>
    <folder></folder>
    <filename>00240d819b9dc4ad.jpg</filename>
    <path>C:\Users\deoli\Desktop\V7_export\data\00240d819b9dc4ad.jpg</path>
    <source>
        <database></database>
    </source>
    <size>
        <width>1024</width>
        <height>576</height>
        <depth>3</depth>
    </size>
    <segmented></segmented>
    <object>
        <name>Boat</name>
        <IsTruncated>False</IsTruncated>
        <IsGroupOf>False</IsGroupOf>
        <IsOccluded>True</IsOccluded>
        <IsDepiction>False</IsDepiction>
        <IsInside>False</IsInside>
        <bndbox>
            <xmin>632</xmin>
            <ymin>440</ymin>
            <xmax>902</xmax>
            <ymax>520</ymax>
        </bndbox>
    </object>
</annotation>