<annotation>
    <folder></folder>
    <filename>002477b0109ca817.jpg</filename>
    <path>C:\Users\deoli\Desktop\V7_export\data\002477b0109ca817.jpg</path>
    <source>
        <database></database>
    </source>
    <size>
        <width>896</width>
        <height>1024</height>
        <depth>3</depth>
    </size>
    <segmented></segmented>
    <object>
        <name>Bird</name>
        <IsTruncated>False</IsTruncated>
        <IsGroupOf>False</IsGroupOf>
        <IsOccluded>True</IsOccluded>
        <IsDepiction>False</IsDepiction>
        <IsInside>False</IsInside>
        <bndbox>
            <xmin>194</xmin>
            <ymin>36</ymin>
            <xmax>713</xmax>
            <ymax>765</ymax>
        </bndbox>
    </object>
</annotation>