<annotation>
    <folder></folder>
    <filename>0025ee05cb199d32.jpg</filename>
    <path>C:\Users\deoli\Desktop\V7_export\data\0025ee05cb199d32.jpg</path>
    <source>
        <database></database>
    </source>
    <size>
        <width>1024</width>
        <height>683</height>
        <depth>1</depth>
    </size>
    <segmented></segmented>
    <object>
        <name>Cat</name>
        <IsTruncated>False</IsTruncated>
        <IsGroupOf>False</IsGroupOf>
        <IsOccluded>False</IsOccluded>
        <IsDepiction>False</IsDepiction>
        <IsInside>False</IsInside>
        <bndbox>
            <xmin>68</xmin>
            <ymin>160</ymin>
            <xmax>991</xmax>
            <ymax>588</ymax>
        </bndbox>
    </object>
</annotation>