<annotation>
    <folder></folder>
    <filename>0025276e7fb47c27.jpg</filename>
    <path>C:\Users\deoli\Desktop\V7_export\data\0025276e7fb47c27.jpg</path>
    <source>
        <database></database>
    </source>
    <size>
        <width>1024</width>
        <height>870</height>
        <depth>3</depth>
    </size>
    <segmented></segmented>
    <object>
        <name>Train</name>
        <IsTruncated>False</IsTruncated>
        <IsGroupOf>False</IsGroupOf>
        <IsOccluded>False</IsOccluded>
        <IsDepiction>False</IsDepiction>
        <IsInside>False</IsInside>
        <bndbox>
            <xmin>33</xmin>
            <ymin>30</ymin>
            <xmax>869</xmax>
            <ymax>869</ymax>
        </bndbox>
    </object>
</annotation>