<annotation>
    <folder></folder>
    <filename>0025cbded55ded0f.jpg</filename>
    <path>C:\Users\deoli\Desktop\V7_export\data\0025cbded55ded0f.jpg</path>
    <source>
        <database></database>
    </source>
    <size>
        <width>1024</width>
        <height>683</height>
        <depth>3</depth>
    </size>
    <segmented></segmented>
    <object>
        <name>Cat</name>
        <IsTruncated>False</IsTruncated>
        <IsGroupOf>False</IsGroupOf>
        <IsOccluded>False</IsOccluded>
        <IsDepiction>False</IsDepiction>
        <IsInside>False</IsInside>
        <bndbox>
            <xmin>138</xmin>
            <ymin>51</ymin>
            <xmax>589</xmax>
            <ymax>626</ymax>
        </bndbox>
    </object>
</annotation>