<annotation>
    <folder></folder>
    <filename>0025a90685b41904.jpg</filename>
    <path>C:\Users\deoli\Desktop\V7_export\data\0025a90685b41904.jpg</path>
    <source>
        <database></database>
    </source>
    <size>
        <width>683</width>
        <height>1024</height>
        <depth>3</depth>
    </size>
    <segmented></segmented>
    <object>
        <name>Boat</name>
        <IsTruncated>False</IsTruncated>
        <IsGroupOf>False</IsGroupOf>
        <IsOccluded>False</IsOccluded>
        <IsDepiction>False</IsDepiction>
        <IsInside>False</IsInside>
        <bndbox>
            <xmin>442</xmin>
            <ymin>920</ymin>
            <xmax>487</xmax>
            <ymax>966</ymax>
        </bndbox>
    </object>
</annotation>