<annotation>
    <folder></folder>
    <filename>0026eab2f53bd687.jpg</filename>
    <path>C:\Users\deoli\Desktop\V7_export\data\0026eab2f53bd687.jpg</path>
    <source>
        <database></database>
    </source>
    <size>
        <width>1024</width>
        <height>768</height>
        <depth>3</depth>
    </size>
    <segmented></segmented>
    <object>
        <name>Boat</name>
        <IsTruncated>False</IsTruncated>
        <IsGroupOf>False</IsGroupOf>
        <IsOccluded>False</IsOccluded>
        <IsDepiction>False</IsDepiction>
        <IsInside>False</IsInside>
        <bndbox>
            <xmin>465</xmin>
            <ymin>247</ymin>
            <xmax>778</xmax>
            <ymax>536</ymax>
        </bndbox>
    </object>
</annotation>