<annotation>
    <folder></folder>
    <filename>0026e4a8ad8b3c51.jpg</filename>
    <path>C:\Users\deoli\Desktop\V7_export\data\0026e4a8ad8b3c51.jpg</path>
    <source>
        <database></database>
    </source>
    <size>
        <width>1024</width>
        <height>679</height>
        <depth>3</depth>
    </size>
    <segmented></segmented>
    <object>
        <name>Cat</name>
        <IsTruncated>True</IsTruncated>
        <IsGroupOf>False</IsGroupOf>
        <IsOccluded>True</IsOccluded>
        <IsDepiction>False</IsDepiction>
        <IsInside>False</IsInside>
        <bndbox>
            <xmin>1</xmin>
            <ymin>126</ymin>
            <xmax>414</xmax>
            <ymax>549</ymax>
        </bndbox>
    </object>
</annotation>