<annotation>
    <folder></folder>
    <filename>00264dec4718d76e.jpg</filename>
    <path>C:\Users\deoli\Desktop\V7_export\data\00264dec4718d76e.jpg</path>
    <source>
        <database></database>
    </source>
    <size>
        <width>1024</width>
        <height>768</height>
        <depth>3</depth>
    </size>
    <segmented></segmented>
    <object>
        <name>Boat</name>
        <IsTruncated>False</IsTruncated>
        <IsGroupOf>False</IsGroupOf>
        <IsOccluded>False</IsOccluded>
        <IsDepiction>False</IsDepiction>
        <IsInside>False</IsInside>
        <bndbox>
            <xmin>282</xmin>
            <ymin>410</ymin>
            <xmax>341</xmax>
            <ymax>436</ymax>
        </bndbox>
    </object>
</annotation>