<annotation>
    <folder></folder>
    <filename>00270a0b238c57ba.jpg</filename>
    <path>C:\Users\deoli\Desktop\V7_export\data\00270a0b238c57ba.jpg</path>
    <source>
        <database></database>
    </source>
    <size>
        <width>1024</width>
        <height>827</height>
        <depth>3</depth>
    </size>
    <segmented></segmented>
    <object>
        <name>Boat</name>
        <IsTruncated>False</IsTruncated>
        <IsGroupOf>False</IsGroupOf>
        <IsOccluded>True</IsOccluded>
        <IsDepiction>True</IsDepiction>
        <IsInside>False</IsInside>
        <bndbox>
            <xmin>315</xmin>
            <ymin>675</ymin>
            <xmax>599</xmax>
            <ymax>732</ymax>
        </bndbox>
    </object>
</annotation>