<annotation>
    <folder></folder>
    <filename>00287bf8ccc459fa.jpg</filename>
    <path>C:\Users\deoli\Desktop\V7_export\data\00287bf8ccc459fa.jpg</path>
    <source>
        <database></database>
    </source>
    <size>
        <width>1024</width>
        <height>731</height>
        <depth>3</depth>
    </size>
    <segmented></segmented>
    <object>
        <name>Dog</name>
        <IsTruncated>True</IsTruncated>
        <IsGroupOf>False</IsGroupOf>
        <IsOccluded>False</IsOccluded>
        <IsDepiction>False</IsDepiction>
        <IsInside>False</IsInside>
        <bndbox>
            <xmin>480</xmin>
            <ymin>0</ymin>
            <xmax>936</xmax>
            <ymax>730</ymax>
        </bndbox>
    </object>
</annotation>