<annotation>
    <folder></folder>
    <filename>0029a9c8dbbd3dc6.jpg</filename>
    <path>C:\Users\deoli\Desktop\V7_export\data\0029a9c8dbbd3dc6.jpg</path>
    <source>
        <database></database>
    </source>
    <size>
        <width>1024</width>
        <height>768</height>
        <depth>3</depth>
    </size>
    <segmented></segmented>
    <object>
        <name>Dog</name>
        <IsTruncated>False</IsTruncated>
        <IsGroupOf>False</IsGroupOf>
        <IsOccluded>True</IsOccluded>
        <IsDepiction>False</IsDepiction>
        <IsInside>False</IsInside>
        <bndbox>
            <xmin>96</xmin>
            <ymin>245</ymin>
            <xmax>654</xmax>
            <ymax>767</ymax>
        </bndbox>
    </object>
</annotation>