<annotation>
    <folder></folder>
    <filename>00299e8a13b41ab3.jpg</filename>
    <path>C:\Users\deoli\Desktop\V7_export\data\00299e8a13b41ab3.jpg</path>
    <source>
        <database></database>
    </source>
    <size>
        <width>1024</width>
        <height>890</height>
        <depth>3</depth>
    </size>
    <segmented></segmented>
    <object>
        <name>Bird</name>
        <IsTruncated>False</IsTruncated>
        <IsGroupOf>False</IsGroupOf>
        <IsOccluded>False</IsOccluded>
        <IsDepiction>False</IsDepiction>
        <IsInside>False</IsInside>
        <bndbox>
            <xmin>336</xmin>
            <ymin>305</ymin>
            <xmax>785</xmax>
            <ymax>534</ymax>
        </bndbox>
    </object>
</annotation>