<annotation>
    <folder></folder>
    <filename>002921d5385824be.jpg</filename>
    <path>C:\Users\deoli\Desktop\V7_export\data\002921d5385824be.jpg</path>
    <source>
        <database></database>
    </source>
    <size>
        <width>1024</width>
        <height>768</height>
        <depth>3</depth>
    </size>
    <segmented></segmented>
    <object>
        <name>Cat</name>
        <IsTruncated>True</IsTruncated>
        <IsGroupOf>False</IsGroupOf>
        <IsOccluded>False</IsOccluded>
        <IsDepiction>True</IsDepiction>
        <IsInside>False</IsInside>
        <bndbox>
            <xmin>0</xmin>
            <ymin>0</ymin>
            <xmax>1021</xmax>
            <ymax>765</ymax>
        </bndbox>
    </object>
</annotation>