<annotation>
    <folder></folder>
    <filename>0029b20980842711.jpg</filename>
    <path>C:\Users\deoli\Desktop\V7_export\data\0029b20980842711.jpg</path>
    <source>
        <database></database>
    </source>
    <size>
        <width>768</width>
        <height>1024</height>
        <depth>3</depth>
    </size>
    <segmented></segmented>
    <object>
        <name>Boat</name>
        <IsTruncated>False</IsTruncated>
        <IsGroupOf>False</IsGroupOf>
        <IsOccluded>False</IsOccluded>
        <IsDepiction>False</IsDepiction>
        <IsInside>False</IsInside>
        <bndbox>
            <xmin>281</xmin>
            <ymin>158</ymin>
            <xmax>564</xmax>
            <ymax>256</ymax>
        </bndbox>
    </object>
</annotation>