<annotation>
    <folder></folder>
    <filename>002abfa9f60be063.jpg</filename>
    <path>C:\Users\deoli\Desktop\V7_export\data\002abfa9f60be063.jpg</path>
    <source>
        <database></database>
    </source>
    <size>
        <width>1024</width>
        <height>605</height>
        <depth>3</depth>
    </size>
    <segmented></segmented>
    <object>
        <name>Bird</name>
        <IsTruncated>False</IsTruncated>
        <IsGroupOf>False</IsGroupOf>
        <IsOccluded>False</IsOccluded>
        <IsDepiction>False</IsDepiction>
        <IsInside>False</IsInside>
        <bndbox>
            <xmin>215</xmin>
            <ymin>169</ymin>
            <xmax>650</xmax>
            <ymax>499</ymax>
        </bndbox>
    </object>
</annotation>