<annotation>
    <folder></folder>
    <filename>002bad08c7f0e0f8.jpg</filename>
    <path>C:\Users\deoli\Desktop\V7_export\data\002bad08c7f0e0f8.jpg</path>
    <source>
        <database></database>
    </source>
    <size>
        <width>1024</width>
        <height>768</height>
        <depth>3</depth>
    </size>
    <segmented></segmented>
    <object>
        <name>Person</name>
        <IsTruncated>False</IsTruncated>
        <IsGroupOf>False</IsGroupOf>
        <IsOccluded>False</IsOccluded>
        <IsDepiction>False</IsDepiction>
        <IsInside>False</IsInside>
        <bndbox>
            <xmin>586</xmin>
            <ymin>296</ymin>
            <xmax>667</xmax>
            <ymax>473</ymax>
        </bndbox>
    </object>
</annotation>