<annotation>
    <folder></folder>
    <filename>002b020146637617.jpg</filename>
    <path>C:\Users\deoli\Desktop\V7_export\data\002b020146637617.jpg</path>
    <source>
        <database></database>
    </source>
    <size>
        <width>1024</width>
        <height>683</height>
        <depth>3</depth>
    </size>
    <segmented></segmented>
    <object>
        <name>Dog</name>
        <IsTruncated>True</IsTruncated>
        <IsGroupOf>False</IsGroupOf>
        <IsOccluded>False</IsOccluded>
        <IsDepiction>False</IsDepiction>
        <IsInside>False</IsInside>
        <bndbox>
            <xmin>36</xmin>
            <ymin>0</ymin>
            <xmax>860</xmax>
            <ymax>682</ymax>
        </bndbox>
    </object>
</annotation>