<annotation>
    <folder></folder>
    <filename>002b63d74a583bc3.jpg</filename>
    <path>C:\Users\deoli\Desktop\V7_export\data\002b63d74a583bc3.jpg</path>
    <source>
        <database></database>
    </source>
    <size>
        <width>1024</width>
        <height>683</height>
        <depth>3</depth>
    </size>
    <segmented></segmented>
    <object>
        <name>Dog</name>
        <IsTruncated>False</IsTruncated>
        <IsGroupOf>False</IsGroupOf>
        <IsOccluded>True</IsOccluded>
        <IsDepiction>False</IsDepiction>
        <IsInside>False</IsInside>
        <bndbox>
            <xmin>402</xmin>
            <ymin>188</ymin>
            <xmax>888</xmax>
            <ymax>603</ymax>
        </bndbox>
    </object>
</annotation>