<annotation>
    <folder></folder>
    <filename>002c188b8fa9ebb6.jpg</filename>
    <path>C:\Users\deoli\Desktop\V7_export\data\002c188b8fa9ebb6.jpg</path>
    <source>
        <database></database>
    </source>
    <size>
        <width>1024</width>
        <height>680</height>
        <depth>3</depth>
    </size>
    <segmented></segmented>
    <object>
        <name>Bird</name>
        <IsTruncated>True</IsTruncated>
        <IsGroupOf>False</IsGroupOf>
        <IsOccluded>False</IsOccluded>
        <IsDepiction>False</IsDepiction>
        <IsInside>False</IsInside>
        <bndbox>
            <xmin>96</xmin>
            <ymin>126</ymin>
            <xmax>1023</xmax>
            <ymax>679</ymax>
        </bndbox>
    </object>
</annotation>