<annotation>
    <folder></folder>
    <filename>002c40dad7c01284.jpg</filename>
    <path>C:\Users\deoli\Desktop\V7_export\data\002c40dad7c01284.jpg</path>
    <source>
        <database></database>
    </source>
    <size>
        <width>1024</width>
        <height>768</height>
        <depth>3</depth>
    </size>
    <segmented></segmented>
    <object>
        <name>Dog</name>
        <IsTruncated>False</IsTruncated>
        <IsGroupOf>False</IsGroupOf>
        <IsOccluded>True</IsOccluded>
        <IsDepiction>False</IsDepiction>
        <IsInside>False</IsInside>
        <bndbox>
            <xmin>124</xmin>
            <ymin>248</ymin>
            <xmax>518</xmax>
            <ymax>684</ymax>
        </bndbox>
    </object>
</annotation>