<annotation>
    <folder></folder>
    <filename>002d1d4201b3054a.jpg</filename>
    <path>C:\Users\deoli\Desktop\V7_export\data\002d1d4201b3054a.jpg</path>
    <source>
        <database></database>
    </source>
    <size>
        <width>1024</width>
        <height>1024</height>
        <depth>3</depth>
    </size>
    <segmented></segmented>
    <object>
        <name>Person</name>
        <IsTruncated>False</IsTruncated>
        <IsGroupOf>False</IsGroupOf>
        <IsOccluded>True</IsOccluded>
        <IsDepiction>False</IsDepiction>
        <IsInside>False</IsInside>
        <bndbox>
            <xmin>477</xmin>
            <ymin>685</ymin>
            <xmax>522</xmax>
            <ymax>763</ymax>
        </bndbox>
    </object>
</annotation>