<annotation>
    <folder></folder>
    <filename>002d8e9b02252a4c.jpg</filename>
    <path>C:\Users\deoli\Desktop\V7_export\data\002d8e9b02252a4c.jpg</path>
    <source>
        <database></database>
    </source>
    <size>
        <width>1024</width>
        <height>768</height>
        <depth>3</depth>
    </size>
    <segmented></segmented>
    <object>
        <name>Bus</name>
        <IsTruncated>False</IsTruncated>
        <IsGroupOf>False</IsGroupOf>
        <IsOccluded>False</IsOccluded>
        <IsDepiction>False</IsDepiction>
        <IsInside>False</IsInside>
        <bndbox>
            <xmin>225</xmin>
            <ymin>31</ymin>
            <xmax>785</xmax>
            <ymax>595</ymax>
        </bndbox>
    </object>
</annotation>