<annotation>
    <folder></folder>
    <filename>002efdefb89bc9d5.jpg</filename>
    <path>C:\Users\deoli\Desktop\V7_export\data\002efdefb89bc9d5.jpg</path>
    <source>
        <database></database>
    </source>
    <size>
        <width>684</width>
        <height>1024</height>
        <depth>3</depth>
    </size>
    <segmented></segmented>
    <object>
        <name>Bird</name>
        <IsTruncated>False</IsTruncated>
        <IsGroupOf>False</IsGroupOf>
        <IsOccluded>True</IsOccluded>
        <IsDepiction>False</IsDepiction>
        <IsInside>False</IsInside>
        <bndbox>
            <xmin>197</xmin>
            <ymin>115</ymin>
            <xmax>548</xmax>
            <ymax>1023</ymax>
        </bndbox>
    </object>
</annotation>