<annotation>
    <folder></folder>
    <filename>002e8769192281a5.jpg</filename>
    <path>C:\Users\deoli\Desktop\V7_export\data\002e8769192281a5.jpg</path>
    <source>
        <database></database>
    </source>
    <size>
        <width>1024</width>
        <height>689</height>
        <depth>3</depth>
    </size>
    <segmented></segmented>
    <object>
        <name>Boat</name>
        <IsTruncated>False</IsTruncated>
        <IsGroupOf>False</IsGroupOf>
        <IsOccluded>False</IsOccluded>
        <IsDepiction>False</IsDepiction>
        <IsInside>False</IsInside>
        <bndbox>
            <xmin>599</xmin>
            <ymin>351</ymin>
            <xmax>646</xmax>
            <ymax>392</ymax>
        </bndbox>
    </object>
</annotation>