<annotation>
    <folder></folder>
    <filename>002fa07e116a1cc8.jpg</filename>
    <path>C:\Users\deoli\Desktop\V7_export\data\002fa07e116a1cc8.jpg</path>
    <source>
        <database></database>
    </source>
    <size>
        <width>1024</width>
        <height>768</height>
        <depth>3</depth>
    </size>
    <segmented></segmented>
    <object>
        <name>Bird</name>
        <IsTruncated>False</IsTruncated>
        <IsGroupOf>False</IsGroupOf>
        <IsOccluded>False</IsOccluded>
        <IsDepiction>False</IsDepiction>
        <IsInside>False</IsInside>
        <bndbox>
            <xmin>233</xmin>
            <ymin>50</ymin>
            <xmax>521</xmax>
            <ymax>686</ymax>
        </bndbox>
    </object>
</annotation>