<annotation>
    <folder></folder>
    <filename>002f30e3c5df9681.jpg</filename>
    <path>C:\Users\deoli\Desktop\V7_export\data\002f30e3c5df9681.jpg</path>
    <source>
        <database></database>
    </source>
    <size>
        <width>1024</width>
        <height>682</height>
        <depth>3</depth>
    </size>
    <segmented></segmented>
    <object>
        <name>Dog</name>
        <IsTruncated>False</IsTruncated>
        <IsGroupOf>False</IsGroupOf>
        <IsOccluded>True</IsOccluded>
        <IsDepiction>False</IsDepiction>
        <IsInside>False</IsInside>
        <bndbox>
            <xmin>47</xmin>
            <ymin>159</ymin>
            <xmax>624</xmax>
            <ymax>576</ymax>
        </bndbox>
    </object>
</annotation>