<annotation>
    <folder></folder>
    <filename>003198c31744e434.jpg</filename>
    <path>C:\Users\deoli\Desktop\V7_export\data\003198c31744e434.jpg</path>
    <source>
        <database></database>
    </source>
    <size>
        <width>1024</width>
        <height>289</height>
        <depth>3</depth>
    </size>
    <segmented></segmented>
    <object>
        <name>Boat</name>
        <IsTruncated>False</IsTruncated>
        <IsGroupOf>False</IsGroupOf>
        <IsOccluded>True</IsOccluded>
        <IsDepiction>False</IsDepiction>
        <IsInside>False</IsInside>
        <bndbox>
            <xmin>480</xmin>
            <ymin>194</ymin>
            <xmax>656</xmax>
            <ymax>231</ymax>
        </bndbox>
    </object>
</annotation>