<annotation>
    <folder></folder>
    <filename>003236343c8ff7f2.jpg</filename>
    <path>C:\Users\deoli\Desktop\V7_export\data\003236343c8ff7f2.jpg</path>
    <source>
        <database></database>
    </source>
    <size>
        <width>1024</width>
        <height>680</height>
        <depth>3</depth>
    </size>
    <segmented></segmented>
    <object>
        <name>Bird</name>
        <IsTruncated>False</IsTruncated>
        <IsGroupOf>False</IsGroupOf>
        <IsOccluded>False</IsOccluded>
        <IsDepiction>False</IsDepiction>
        <IsInside>False</IsInside>
        <bndbox>
            <xmin>356</xmin>
            <ymin>180</ymin>
            <xmax>531</xmax>
            <ymax>530</ymax>
        </bndbox>
    </object>
</annotation>