<annotation>
    <folder></folder>
    <filename>0032591f37ffa919.jpg</filename>
    <path>C:\Users\deoli\Desktop\V7_export\data\0032591f37ffa919.jpg</path>
    <source>
        <database></database>
    </source>
    <size>
        <width>1024</width>
        <height>683</height>
        <depth>3</depth>
    </size>
    <segmented></segmented>
    <object>
        <name>Bird</name>
        <IsTruncated>False</IsTruncated>
        <IsGroupOf>False</IsGroupOf>
        <IsOccluded>True</IsOccluded>
        <IsDepiction>False</IsDepiction>
        <IsInside>False</IsInside>
        <bndbox>
            <xmin>258</xmin>
            <ymin>242</ymin>
            <xmax>566</xmax>
            <ymax>574</ymax>
        </bndbox>
    </object>
</annotation>