<annotation>
    <folder></folder>
    <filename>0033bd289dcf6d23.jpg</filename>
    <path>C:\Users\deoli\Desktop\V7_export\data\0033bd289dcf6d23.jpg</path>
    <source>
        <database></database>
    </source>
    <size>
        <width>1024</width>
        <height>1024</height>
        <depth>3</depth>
    </size>
    <segmented></segmented>
    <object>
        <name>Cat</name>
        <IsTruncated>True</IsTruncated>
        <IsGroupOf>False</IsGroupOf>
        <IsOccluded>False</IsOccluded>
        <IsDepiction>False</IsDepiction>
        <IsInside>False</IsInside>
        <bndbox>
            <xmin>0</xmin>
            <ymin>25</ymin>
            <xmax>907</xmax>
            <ymax>982</ymax>
        </bndbox>
    </object>
</annotation>