<annotation>
    <folder></folder>
    <filename>0033a2bdfd2f8a1b.jpg</filename>
    <path>C:\Users\deoli\Desktop\V7_export\data\0033a2bdfd2f8a1b.jpg</path>
    <source>
        <database></database>
    </source>
    <size>
        <width>1024</width>
        <height>768</height>
        <depth>3</depth>
    </size>
    <segmented></segmented>
    <object>
        <name>Bird</name>
        <IsTruncated>False</IsTruncated>
        <IsGroupOf>False</IsGroupOf>
        <IsOccluded>False</IsOccluded>
        <IsDepiction>False</IsDepiction>
        <IsInside>False</IsInside>
        <bndbox>
            <xmin>402</xmin>
            <ymin>245</ymin>
            <xmax>609</xmax>
            <ymax>525</ymax>
        </bndbox>
    </object>
</annotation>