<annotation>
    <folder></folder>
    <filename>0033f220201bdfe6.jpg</filename>
    <path>C:\Users\deoli\Desktop\V7_export\data\0033f220201bdfe6.jpg</path>
    <source>
        <database></database>
    </source>
    <size>
        <width>1024</width>
        <height>712</height>
        <depth>3</depth>
    </size>
    <segmented></segmented>
    <object>
        <name>Airplane</name>
        <IsTruncated>False</IsTruncated>
        <IsGroupOf>False</IsGroupOf>
        <IsOccluded>False</IsOccluded>
        <IsDepiction>False</IsDepiction>
        <IsInside>False</IsInside>
        <bndbox>
            <xmin>153</xmin>
            <ymin>183</ymin>
            <xmax>969</xmax>
            <ymax>466</ymax>
        </bndbox>
    </object>
</annotation>