<annotation>
    <folder></folder>
    <filename>0034f46ea01f7241.jpg</filename>
    <path>C:\Users\deoli\Desktop\V7_export\data\0034f46ea01f7241.jpg</path>
    <source>
        <database></database>
    </source>
    <size>
        <width>1024</width>
        <height>767</height>
        <depth>3</depth>
    </size>
    <segmented></segmented>
    <object>
        <name>Dog</name>
        <IsTruncated>True</IsTruncated>
        <IsGroupOf>False</IsGroupOf>
        <IsOccluded>True</IsOccluded>
        <IsDepiction>False</IsDepiction>
        <IsInside>False</IsInside>
        <bndbox>
            <xmin>213</xmin>
            <ymin>179</ymin>
            <xmax>816</xmax>
            <ymax>766</ymax>
        </bndbox>
    </object>
</annotation>