<annotation>
    <folder></folder>
    <filename>00347f583cd63d8f.jpg</filename>
    <path>C:\Users\deoli\Desktop\V7_export\data\00347f583cd63d8f.jpg</path>
    <source>
        <database></database>
    </source>
    <size>
        <width>1024</width>
        <height>768</height>
        <depth>3</depth>
    </size>
    <segmented></segmented>
    <object>
        <name>Bus</name>
        <IsTruncated>False</IsTruncated>
        <IsGroupOf>False</IsGroupOf>
        <IsOccluded>False</IsOccluded>
        <IsDepiction>False</IsDepiction>
        <IsInside>False</IsInside>
        <bndbox>
            <xmin>281</xmin>
            <ymin>343</ymin>
            <xmax>960</xmax>
            <ymax>612</ymax>
        </bndbox>
    </object>
</annotation>