<annotation>
    <folder></folder>
    <filename>0035e0f6a0c29bee.jpg</filename>
    <path>C:\Users\deoli\Desktop\V7_export\data\0035e0f6a0c29bee.jpg</path>
    <source>
        <database></database>
    </source>
    <size>
        <width>1024</width>
        <height>839</height>
        <depth>3</depth>
    </size>
    <segmented></segmented>
    <object>
        <name>Dog</name>
        <IsTruncated>False</IsTruncated>
        <IsGroupOf>False</IsGroupOf>
        <IsOccluded>True</IsOccluded>
        <IsDepiction>True</IsDepiction>
        <IsInside>False</IsInside>
        <bndbox>
            <xmin>93</xmin>
            <ymin>101</ymin>
            <xmax>988</xmax>
            <ymax>815</ymax>
        </bndbox>
    </object>
</annotation>