<annotation>
    <folder></folder>
    <filename>003515a369fceb32.jpg</filename>
    <path>C:\Users\deoli\Desktop\V7_export\data\003515a369fceb32.jpg</path>
    <source>
        <database></database>
    </source>
    <size>
        <width>745</width>
        <height>1024</height>
        <depth>1</depth>
    </size>
    <segmented></segmented>
    <object>
        <name>Airplane</name>
        <IsTruncated>True</IsTruncated>
        <IsGroupOf>False</IsGroupOf>
        <IsOccluded>True</IsOccluded>
        <IsDepiction>False</IsDepiction>
        <IsInside>False</IsInside>
        <bndbox>
            <xmin>0</xmin>
            <ymin>182</ymin>
            <xmax>494</xmax>
            <ymax>640</ymax>
        </bndbox>
    </object>
</annotation>