<annotation>
    <folder></folder>
    <filename>0035005d78bf8c89.jpg</filename>
    <path>C:\Users\deoli\Desktop\V7_export\data\0035005d78bf8c89.jpg</path>
    <source>
        <database></database>
    </source>
    <size>
        <width>732</width>
        <height>1024</height>
        <depth>3</depth>
    </size>
    <segmented></segmented>
    <object>
        <name>Bird</name>
        <IsTruncated>False</IsTruncated>
        <IsGroupOf>False</IsGroupOf>
        <IsOccluded>True</IsOccluded>
        <IsDepiction>False</IsDepiction>
        <IsInside>False</IsInside>
        <bndbox>
            <xmin>120</xmin>
            <ymin>164</ymin>
            <xmax>653</xmax>
            <ymax>997</ymax>
        </bndbox>
    </object>
</annotation>