<annotation>
    <folder></folder>
    <filename>00351578fa0593bc.jpg</filename>
    <path>C:\Users\deoli\Desktop\V7_export\data\00351578fa0593bc.jpg</path>
    <source>
        <database></database>
    </source>
    <size>
        <width>1024</width>
        <height>683</height>
        <depth>3</depth>
    </size>
    <segmented></segmented>
    <object>
        <name>Bird</name>
        <IsTruncated>False</IsTruncated>
        <IsGroupOf>False</IsGroupOf>
        <IsOccluded>False</IsOccluded>
        <IsDepiction>False</IsDepiction>
        <IsInside>False</IsInside>
        <bndbox>
            <xmin>112</xmin>
            <ymin>184</ymin>
            <xmax>512</xmax>
            <ymax>597</ymax>
        </bndbox>
    </object>
</annotation>