<annotation>
    <folder></folder>
    <filename>0035b895cc6af66a.jpg</filename>
    <path>C:\Users\deoli\Desktop\V7_export\data\0035b895cc6af66a.jpg</path>
    <source>
        <database></database>
    </source>
    <size>
        <width>1024</width>
        <height>980</height>
        <depth>3</depth>
    </size>
    <segmented></segmented>
    <object>
        <name>Bird</name>
        <IsTruncated>False</IsTruncated>
        <IsGroupOf>False</IsGroupOf>
        <IsOccluded>True</IsOccluded>
        <IsDepiction>False</IsDepiction>
        <IsInside>False</IsInside>
        <bndbox>
            <xmin>336</xmin>
            <ymin>219</ymin>
            <xmax>698</xmax>
            <ymax>848</ymax>
        </bndbox>
    </object>
</annotation>