<annotation>
    <folder></folder>
    <filename>0035ea7a3b1ecfab.jpg</filename>
    <path>C:\Users\deoli\Desktop\V7_export\data\0035ea7a3b1ecfab.jpg</path>
    <source>
        <database></database>
    </source>
    <size>
        <width>1024</width>
        <height>768</height>
        <depth>1</depth>
    </size>
    <segmented></segmented>
    <object>
        <name>Cat</name>
        <IsTruncated>True</IsTruncated>
        <IsGroupOf>True</IsGroupOf>
        <IsOccluded>True</IsOccluded>
        <IsDepiction>True</IsDepiction>
        <IsInside>True</IsInside>
        <bndbox>
            <xmin>0</xmin>
            <ymin>0</ymin>
            <xmax>1023</xmax>
            <ymax>767</ymax>
        </bndbox>
    </object>
</annotation>