<annotation>
    <folder></folder>
    <filename>0035074f3d2a3c2d.jpg</filename>
    <path>C:\Users\deoli\Desktop\V7_export\data\0035074f3d2a3c2d.jpg</path>
    <source>
        <database></database>
    </source>
    <size>
        <width>1024</width>
        <height>677</height>
        <depth>1</depth>
    </size>
    <segmented></segmented>
    <object>
        <name>Person</name>
        <IsTruncated>True</IsTruncated>
        <IsGroupOf>True</IsGroupOf>
        <IsOccluded>False</IsOccluded>
        <IsDepiction>False</IsDepiction>
        <IsInside>False</IsInside>
        <bndbox>
            <xmin>0</xmin>
            <ymin>166</ymin>
            <xmax>1022</xmax>
            <ymax>675</ymax>
        </bndbox>
    </object>
</annotation>