<annotation>
    <folder></folder>
    <filename>0036a0a3d596e1f8.jpg</filename>
    <path>C:\Users\deoli\Desktop\V7_export\data\0036a0a3d596e1f8.jpg</path>
    <source>
        <database></database>
    </source>
    <size>
        <width>1024</width>
        <height>683</height>
        <depth>3</depth>
    </size>
    <segmented></segmented>
    <object>
        <name>Dog</name>
        <IsTruncated>False</IsTruncated>
        <IsGroupOf>False</IsGroupOf>
        <IsOccluded>True</IsOccluded>
        <IsDepiction>False</IsDepiction>
        <IsInside>False</IsInside>
        <bndbox>
            <xmin>172</xmin>
            <ymin>179</ymin>
            <xmax>633</xmax>
            <ymax>581</ymax>
        </bndbox>
    </object>
</annotation>