<annotation>
    <folder></folder>
    <filename>0037e5e51191594f.jpg</filename>
    <path>C:\Users\deoli\Desktop\V7_export\data\0037e5e51191594f.jpg</path>
    <source>
        <database></database>
    </source>
    <size>
        <width>1024</width>
        <height>683</height>
        <depth>3</depth>
    </size>
    <segmented></segmented>
    <object>
        <name>Dog</name>
        <IsTruncated>False</IsTruncated>
        <IsGroupOf>False</IsGroupOf>
        <IsOccluded>False</IsOccluded>
        <IsDepiction>False</IsDepiction>
        <IsInside>False</IsInside>
        <bndbox>
            <xmin>215</xmin>
            <ymin>320</ymin>
            <xmax>608</xmax>
            <ymax>570</ymax>
        </bndbox>
    </object>
</annotation>