<annotation>
    <folder></folder>
    <filename>00384ea6e18fcf78.jpg</filename>
    <path>C:\Users\deoli\Desktop\V7_export\data\00384ea6e18fcf78.jpg</path>
    <source>
        <database></database>
    </source>
    <size>
        <width>1024</width>
        <height>683</height>
        <depth>3</depth>
    </size>
    <segmented></segmented>
    <object>
        <name>Bird</name>
        <IsTruncated>False</IsTruncated>
        <IsGroupOf>False</IsGroupOf>
        <IsOccluded>False</IsOccluded>
        <IsDepiction>False</IsDepiction>
        <IsInside>False</IsInside>
        <bndbox>
            <xmin>119</xmin>
            <ymin>381</ymin>
            <xmax>818</xmax>
            <ymax>595</ymax>
        </bndbox>
    </object>
</annotation>