<annotation>
    <folder></folder>
    <filename>0039df5da0090751.jpg</filename>
    <path>C:\Users\deoli\Desktop\V7_export\data\0039df5da0090751.jpg</path>
    <source>
        <database></database>
    </source>
    <size>
        <width>1024</width>
        <height>731</height>
        <depth>3</depth>
    </size>
    <segmented></segmented>
    <object>
        <name>Boat</name>
        <IsTruncated>False</IsTruncated>
        <IsGroupOf>False</IsGroupOf>
        <IsOccluded>False</IsOccluded>
        <IsDepiction>False</IsDepiction>
        <IsInside>False</IsInside>
        <bndbox>
            <xmin>131</xmin>
            <ymin>238</ymin>
            <xmax>995</xmax>
            <ymax>431</ymax>
        </bndbox>
    </object>
</annotation>