<annotation>
    <folder></folder>
    <filename>003a4f603e587af8.jpg</filename>
    <path>C:\Users\deoli\Desktop\V7_export\data\003a4f603e587af8.jpg</path>
    <source>
        <database></database>
    </source>
    <size>
        <width>1024</width>
        <height>768</height>
        <depth>3</depth>
    </size>
    <segmented></segmented>
    <object>
        <name>Boat</name>
        <IsTruncated>False</IsTruncated>
        <IsGroupOf>False</IsGroupOf>
        <IsOccluded>True</IsOccluded>
        <IsDepiction>False</IsDepiction>
        <IsInside>False</IsInside>
        <bndbox>
            <xmin>352</xmin>
            <ymin>307</ymin>
            <xmax>517</xmax>
            <ymax>440</ymax>
        </bndbox>
    </object>
</annotation>