<annotation>
    <folder></folder>
    <filename>003a0b8ffa1151e3.jpg</filename>
    <path>C:\Users\deoli\Desktop\V7_export\data\003a0b8ffa1151e3.jpg</path>
    <source>
        <database></database>
    </source>
    <size>
        <width>684</width>
        <height>1024</height>
        <depth>3</depth>
    </size>
    <segmented></segmented>
    <object>
        <name>Boat</name>
        <IsTruncated>True</IsTruncated>
        <IsGroupOf>False</IsGroupOf>
        <IsOccluded>False</IsOccluded>
        <IsDepiction>False</IsDepiction>
        <IsInside>True</IsInside>
        <bndbox>
            <xmin>0</xmin>
            <ymin>52</ymin>
            <xmax>683</xmax>
            <ymax>1023</ymax>
        </bndbox>
    </object>
</annotation>