<annotation>
    <folder></folder>
    <filename>003aaf9d59c7b488.jpg</filename>
    <path>C:\Users\deoli\Desktop\V7_export\data\003aaf9d59c7b488.jpg</path>
    <source>
        <database></database>
    </source>
    <size>
        <width>1024</width>
        <height>683</height>
        <depth>3</depth>
    </size>
    <segmented></segmented>
    <object>
        <name>Airplane</name>
        <IsTruncated>True</IsTruncated>
        <IsGroupOf>False</IsGroupOf>
        <IsOccluded>False</IsOccluded>
        <IsDepiction>False</IsDepiction>
        <IsInside>False</IsInside>
        <bndbox>
            <xmin>0</xmin>
            <ymin>229</ymin>
            <xmax>1023</xmax>
            <ymax>652</ymax>
        </bndbox>
    </object>
</annotation>