<annotation>
    <folder></folder>
    <filename>003a20e57baed36f.jpg</filename>
    <path>C:\Users\deoli\Desktop\V7_export\data\003a20e57baed36f.jpg</path>
    <source>
        <database></database>
    </source>
    <size>
        <width>1024</width>
        <height>665</height>
        <depth>3</depth>
    </size>
    <segmented></segmented>
    <object>
        <name>Airplane</name>
        <IsTruncated>True</IsTruncated>
        <IsGroupOf>False</IsGroupOf>
        <IsOccluded>False</IsOccluded>
        <IsDepiction>False</IsDepiction>
        <IsInside>False</IsInside>
        <bndbox>
            <xmin>11</xmin>
            <ymin>50</ymin>
            <xmax>1023</xmax>
            <ymax>610</ymax>
        </bndbox>
    </object>
</annotation>