<annotation>
    <folder></folder>
    <filename>003bc6ffe8d4bb4e.jpg</filename>
    <path>C:\Users\deoli\Desktop\V7_export\data\003bc6ffe8d4bb4e.jpg</path>
    <source>
        <database></database>
    </source>
    <size>
        <width>1024</width>
        <height>549</height>
        <depth>3</depth>
    </size>
    <segmented></segmented>
    <object>
        <name>Bird</name>
        <IsTruncated>False</IsTruncated>
        <IsGroupOf>False</IsGroupOf>
        <IsOccluded>True</IsOccluded>
        <IsDepiction>False</IsDepiction>
        <IsInside>False</IsInside>
        <bndbox>
            <xmin>648</xmin>
            <ymin>149</ymin>
            <xmax>757</xmax>
            <ymax>337</ymax>
        </bndbox>
    </object>
</annotation>