<annotation>
    <folder></folder>
    <filename>003bd00106a44d31.jpg</filename>
    <path>C:\Users\deoli\Desktop\V7_export\data\003bd00106a44d31.jpg</path>
    <source>
        <database></database>
    </source>
    <size>
        <width>1024</width>
        <height>683</height>
        <depth>3</depth>
    </size>
    <segmented></segmented>
    <object>
        <name>Bird</name>
        <IsTruncated>False</IsTruncated>
        <IsGroupOf>False</IsGroupOf>
        <IsOccluded>False</IsOccluded>
        <IsDepiction>False</IsDepiction>
        <IsInside>False</IsInside>
        <bndbox>
            <xmin>416</xmin>
            <ymin>199</ymin>
            <xmax>859</xmax>
            <ymax>562</ymax>
        </bndbox>
    </object>
</annotation>