<annotation>
    <folder></folder>
    <filename>003c0cac1ea19d3e.jpg</filename>
    <path>C:\Users\deoli\Desktop\V7_export\data\003c0cac1ea19d3e.jpg</path>
    <source>
        <database></database>
    </source>
    <size>
        <width>1024</width>
        <height>683</height>
        <depth>3</depth>
    </size>
    <segmented></segmented>
    <object>
        <name>Person</name>
        <IsTruncated>False</IsTruncated>
        <IsGroupOf>False</IsGroupOf>
        <IsOccluded>True</IsOccluded>
        <IsDepiction>False</IsDepiction>
        <IsInside>False</IsInside>
        <bndbox>
            <xmin>423</xmin>
            <ymin>37</ymin>
            <xmax>668</xmax>
            <ymax>552</ymax>
        </bndbox>
    </object>
</annotation>