<annotation>
    <folder></folder>
    <filename>003c5f735b845005.jpg</filename>
    <path>C:\Users\deoli\Desktop\V7_export\data\003c5f735b845005.jpg</path>
    <source>
        <database></database>
    </source>
    <size>
        <width>1024</width>
        <height>662</height>
        <depth>3</depth>
    </size>
    <segmented></segmented>
    <object>
        <name>Bird</name>
        <IsTruncated>False</IsTruncated>
        <IsGroupOf>False</IsGroupOf>
        <IsOccluded>False</IsOccluded>
        <IsDepiction>False</IsDepiction>
        <IsInside>False</IsInside>
        <bndbox>
            <xmin>147</xmin>
            <ymin>79</ymin>
            <xmax>753</xmax>
            <ymax>569</ymax>
        </bndbox>
    </object>
</annotation>