<annotation>
    <folder></folder>
    <filename>003db642c9ed6e07.jpg</filename>
    <path>C:\Users\deoli\Desktop\V7_export\data\003db642c9ed6e07.jpg</path>
    <source>
        <database></database>
    </source>
    <size>
        <width>1024</width>
        <height>765</height>
        <depth>3</depth>
    </size>
    <segmented></segmented>
    <object>
        <name>Bird</name>
        <IsTruncated>False</IsTruncated>
        <IsGroupOf>False</IsGroupOf>
        <IsOccluded>True</IsOccluded>
        <IsDepiction>False</IsDepiction>
        <IsInside>False</IsInside>
        <bndbox>
            <xmin>314</xmin>
            <ymin>299</ymin>
            <xmax>641</xmax>
            <ymax>528</ymax>
        </bndbox>
    </object>
</annotation>