<annotation>
    <folder></folder>
    <filename>003d408fe5346383.jpg</filename>
    <path>C:\Users\deoli\Desktop\V7_export\data\003d408fe5346383.jpg</path>
    <source>
        <database></database>
    </source>
    <size>
        <width>1024</width>
        <height>681</height>
        <depth>3</depth>
    </size>
    <segmented></segmented>
    <object>
        <name>Boat</name>
        <IsTruncated>False</IsTruncated>
        <IsGroupOf>False</IsGroupOf>
        <IsOccluded>True</IsOccluded>
        <IsDepiction>False</IsDepiction>
        <IsInside>False</IsInside>
        <bndbox>
            <xmin>351</xmin>
            <ymin>377</ymin>
            <xmax>385</xmax>
            <ymax>435</ymax>
        </bndbox>
    </object>
</annotation>