<annotation>
    <folder></folder>
    <filename>003d95e6cd092860.jpg</filename>
    <path>C:\Users\deoli\Desktop\V7_export\data\003d95e6cd092860.jpg</path>
    <source>
        <database></database>
    </source>
    <size>
        <width>1024</width>
        <height>622</height>
        <depth>3</depth>
    </size>
    <segmented></segmented>
    <object>
        <name>Bird</name>
        <IsTruncated>False</IsTruncated>
        <IsGroupOf>False</IsGroupOf>
        <IsOccluded>False</IsOccluded>
        <IsDepiction>False</IsDepiction>
        <IsInside>False</IsInside>
        <bndbox>
            <xmin>281</xmin>
            <ymin>183</ymin>
            <xmax>938</xmax>
            <ymax>587</ymax>
        </bndbox>
    </object>
</annotation>