<annotation>
    <folder></folder>
    <filename>003d2fc05f944928.jpg</filename>
    <path>C:\Users\deoli\Desktop\V7_export\data\003d2fc05f944928.jpg</path>
    <source>
        <database></database>
    </source>
    <size>
        <width>1024</width>
        <height>683</height>
        <depth>3</depth>
    </size>
    <segmented></segmented>
    <object>
        <name>Dog</name>
        <IsTruncated>False</IsTruncated>
        <IsGroupOf>False</IsGroupOf>
        <IsOccluded>False</IsOccluded>
        <IsDepiction>False</IsDepiction>
        <IsInside>False</IsInside>
        <bndbox>
            <xmin>775</xmin>
            <ymin>197</ymin>
            <xmax>990</xmax>
            <ymax>506</ymax>
        </bndbox>
    </object>
</annotation>