<annotation>
    <folder></folder>
    <filename>003d8aee4ce3eef1.jpg</filename>
    <path>C:\Users\deoli\Desktop\V7_export\data\003d8aee4ce3eef1.jpg</path>
    <source>
        <database></database>
    </source>
    <size>
        <width>667</width>
        <height>1024</height>
        <depth>3</depth>
    </size>
    <segmented></segmented>
    <object>
        <name>Bird</name>
        <IsTruncated>False</IsTruncated>
        <IsGroupOf>False</IsGroupOf>
        <IsOccluded>True</IsOccluded>
        <IsDepiction>True</IsDepiction>
        <IsInside>False</IsInside>
        <bndbox>
            <xmin>132</xmin>
            <ymin>364</ymin>
            <xmax>500</xmax>
            <ymax>630</ymax>
        </bndbox>
    </object>
</annotation>