<annotation>
    <folder></folder>
    <filename>003dafc2e4234ca3.jpg</filename>
    <path>C:\Users\deoli\Desktop\V7_export\data\003dafc2e4234ca3.jpg</path>
    <source>
        <database></database>
    </source>
    <size>
        <width>1024</width>
        <height>683</height>
        <depth>3</depth>
    </size>
    <segmented></segmented>
    <object>
        <name>Bird</name>
        <IsTruncated>False</IsTruncated>
        <IsGroupOf>False</IsGroupOf>
        <IsOccluded>True</IsOccluded>
        <IsDepiction>False</IsDepiction>
        <IsInside>False</IsInside>
        <bndbox>
            <xmin>276</xmin>
            <ymin>240</ymin>
            <xmax>649</xmax>
            <ymax>395</ymax>
        </bndbox>
    </object>
</annotation>