<annotation>
    <folder></folder>
    <filename>003ef1d321797f95.jpg</filename>
    <path>C:\Users\deoli\Desktop\V7_export\data\003ef1d321797f95.jpg</path>
    <source>
        <database></database>
    </source>
    <size>
        <width>682</width>
        <height>1024</height>
        <depth>3</depth>
    </size>
    <segmented></segmented>
    <object>
        <name>Train</name>
        <IsTruncated>True</IsTruncated>
        <IsGroupOf>False</IsGroupOf>
        <IsOccluded>False</IsOccluded>
        <IsDepiction>False</IsDepiction>
        <IsInside>False</IsInside>
        <bndbox>
            <xmin>0</xmin>
            <ymin>0</ymin>
            <xmax>161</xmax>
            <ymax>1023</ymax>
        </bndbox>
    </object>
</annotation>