<annotation>
    <folder></folder>
    <filename>003e149af5041d8c.jpg</filename>
    <path>C:\Users\deoli\Desktop\V7_export\data\003e149af5041d8c.jpg</path>
    <source>
        <database></database>
    </source>
    <size>
        <width>1024</width>
        <height>876</height>
        <depth>3</depth>
    </size>
    <segmented></segmented>
    <object>
        <name>Train</name>
        <IsTruncated>False</IsTruncated>
        <IsGroupOf>False</IsGroupOf>
        <IsOccluded>True</IsOccluded>
        <IsDepiction>False</IsDepiction>
        <IsInside>False</IsInside>
        <bndbox>
            <xmin>115</xmin>
            <ymin>212</ymin>
            <xmax>780</xmax>
            <ymax>736</ymax>
        </bndbox>
    </object>
</annotation>