<annotation>
    <folder></folder>
    <filename>003e0e97022b9da4.jpg</filename>
    <path>C:\Users\deoli\Desktop\V7_export\data\003e0e97022b9da4.jpg</path>
    <source>
        <database></database>
    </source>
    <size>
        <width>1024</width>
        <height>768</height>
        <depth>3</depth>
    </size>
    <segmented></segmented>
    <object>
        <name>Person</name>
        <IsTruncated>True</IsTruncated>
        <IsGroupOf>True</IsGroupOf>
        <IsOccluded>True</IsOccluded>
        <IsDepiction>False</IsDepiction>
        <IsInside>False</IsInside>
        <bndbox>
            <xmin>0</xmin>
            <ymin>332</ymin>
            <xmax>1020</xmax>
            <ymax>585</ymax>
        </bndbox>
    </object>
</annotation>