<annotation>
    <folder></folder>
    <filename>003e197b0cdd8277.jpg</filename>
    <path>C:\Users\deoli\Desktop\V7_export\data\003e197b0cdd8277.jpg</path>
    <source>
        <database></database>
    </source>
    <size>
        <width>1024</width>
        <height>768</height>
        <depth>3</depth>
    </size>
    <segmented></segmented>
    <object>
        <name>Dog</name>
        <IsTruncated>True</IsTruncated>
        <IsGroupOf>False</IsGroupOf>
        <IsOccluded>True</IsOccluded>
        <IsDepiction>False</IsDepiction>
        <IsInside>False</IsInside>
        <bndbox>
            <xmin>222</xmin>
            <ymin>0</ymin>
            <xmax>634</xmax>
            <ymax>247</ymax>
        </bndbox>
    </object>
</annotation>