<annotation>
    <folder></folder>
    <filename>003fc1e9d6110dcc.jpg</filename>
    <path>C:\Users\deoli\Desktop\V7_export\data\003fc1e9d6110dcc.jpg</path>
    <source>
        <database></database>
    </source>
    <size>
        <width>1024</width>
        <height>767</height>
        <depth>3</depth>
    </size>
    <segmented></segmented>
    <object>
        <name>Bird</name>
        <IsTruncated>False</IsTruncated>
        <IsGroupOf>False</IsGroupOf>
        <IsOccluded>True</IsOccluded>
        <IsDepiction>False</IsDepiction>
        <IsInside>False</IsInside>
        <bndbox>
            <xmin>480</xmin>
            <ymin>288</ymin>
            <xmax>673</xmax>
            <ymax>519</ymax>
        </bndbox>
    </object>
</annotation>