<annotation>
    <folder></folder>
    <filename>003fde0096630566.jpg</filename>
    <path>C:\Users\deoli\Desktop\V7_export\data\003fde0096630566.jpg</path>
    <source>
        <database></database>
    </source>
    <size>
        <width>1024</width>
        <height>700</height>
        <depth>3</depth>
    </size>
    <segmented></segmented>
    <object>
        <name>Cat</name>
        <IsTruncated>False</IsTruncated>
        <IsGroupOf>False</IsGroupOf>
        <IsOccluded>True</IsOccluded>
        <IsDepiction>False</IsDepiction>
        <IsInside>False</IsInside>
        <bndbox>
            <xmin>268</xmin>
            <ymin>189</ymin>
            <xmax>570</xmax>
            <ymax>369</ymax>
        </bndbox>
    </object>
</annotation>