<annotation>
    <folder></folder>
    <filename>003ffead3303ad04.jpg</filename>
    <path>C:\Users\deoli\Desktop\V7_export\data\003ffead3303ad04.jpg</path>
    <source>
        <database></database>
    </source>
    <size>
        <width>768</width>
        <height>768</height>
        <depth>3</depth>
    </size>
    <segmented></segmented>
    <object>
        <name>Boat</name>
        <IsTruncated>False</IsTruncated>
        <IsGroupOf>False</IsGroupOf>
        <IsOccluded>False</IsOccluded>
        <IsDepiction>False</IsDepiction>
        <IsInside>False</IsInside>
        <bndbox>
            <xmin>35</xmin>
            <ymin>36</ymin>
            <xmax>229</xmax>
            <ymax>168</ymax>
        </bndbox>
    </object>
</annotation>