<annotation>
    <folder></folder>
    <filename>003ffe3d7b5558aa.jpg</filename>
    <path>C:\Users\deoli\Desktop\V7_export\data\003ffe3d7b5558aa.jpg</path>
    <source>
        <database></database>
    </source>
    <size>
        <width>1024</width>
        <height>626</height>
        <depth>3</depth>
    </size>
    <segmented></segmented>
    <object>
        <name>Train</name>
        <IsTruncated>False</IsTruncated>
        <IsGroupOf>False</IsGroupOf>
        <IsOccluded>False</IsOccluded>
        <IsDepiction>False</IsDepiction>
        <IsInside>False</IsInside>
        <bndbox>
            <xmin>39</xmin>
            <ymin>201</ymin>
            <xmax>810</xmax>
            <ymax>518</ymax>
        </bndbox>
    </object>
</annotation>