<annotation>
    <folder></folder>
    <filename>003f09605b30eafb.jpg</filename>
    <path>C:\Users\deoli\Desktop\V7_export\data\003f09605b30eafb.jpg</path>
    <source>
        <database></database>
    </source>
    <size>
        <width>1024</width>
        <height>802</height>
        <depth>3</depth>
    </size>
    <segmented></segmented>
    <object>
        <name>Airplane</name>
        <IsTruncated>False</IsTruncated>
        <IsGroupOf>False</IsGroupOf>
        <IsOccluded>False</IsOccluded>
        <IsDepiction>False</IsDepiction>
        <IsInside>False</IsInside>
        <bndbox>
            <xmin>199</xmin>
            <ymin>295</ymin>
            <xmax>885</xmax>
            <ymax>530</ymax>
        </bndbox>
    </object>
</annotation>