<annotation>
    <folder></folder>
    <filename>00406891f1522c6e.jpg</filename>
    <path>C:\Users\deoli\Desktop\V7_export\data\00406891f1522c6e.jpg</path>
    <source>
        <database></database>
    </source>
    <size>
        <width>725</width>
        <height>1024</height>
        <depth>3</depth>
    </size>
    <segmented></segmented>
    <object>
        <name>Bird</name>
        <IsTruncated>False</IsTruncated>
        <IsGroupOf>False</IsGroupOf>
        <IsOccluded>True</IsOccluded>
        <IsDepiction>True</IsDepiction>
        <IsInside>False</IsInside>
        <bndbox>
            <xmin>7</xmin>
            <ymin>105</ymin>
            <xmax>557</xmax>
            <ymax>972</ymax>
        </bndbox>
    </object>
</annotation>