<annotation>
    <folder></folder>
    <filename>004011278f6b29cd.jpg</filename>
    <path>C:\Users\deoli\Desktop\V7_export\data\004011278f6b29cd.jpg</path>
    <source>
        <database></database>
    </source>
    <size>
        <width>768</width>
        <height>960</height>
        <depth>3</depth>
    </size>
    <segmented></segmented>
    <object>
        <name>Airplane</name>
        <IsTruncated>True</IsTruncated>
        <IsGroupOf>False</IsGroupOf>
        <IsOccluded>False</IsOccluded>
        <IsDepiction>False</IsDepiction>
        <IsInside>False</IsInside>
        <bndbox>
            <xmin>0</xmin>
            <ymin>0</ymin>
            <xmax>767</xmax>
            <ymax>959</ymax>
        </bndbox>
    </object>
</annotation>