<annotation>
    <folder></folder>
    <filename>004036c3f21cc565.jpg</filename>
    <path>C:\Users\deoli\Desktop\V7_export\data\004036c3f21cc565.jpg</path>
    <source>
        <database></database>
    </source>
    <size>
        <width>1024</width>
        <height>682</height>
        <depth>1</depth>
    </size>
    <segmented></segmented>
    <object>
        <name>Person</name>
        <IsTruncated>False</IsTruncated>
        <IsGroupOf>False</IsGroupOf>
        <IsOccluded>False</IsOccluded>
        <IsDepiction>False</IsDepiction>
        <IsInside>False</IsInside>
        <bndbox>
            <xmin>522</xmin>
            <ymin>337</ymin>
            <xmax>587</xmax>
            <ymax>561</ymax>
        </bndbox>
    </object>
</annotation>