<annotation>
    <folder></folder>
    <filename>0040a0099b2af199.jpg</filename>
    <path>C:\Users\deoli\Desktop\V7_export\data\0040a0099b2af199.jpg</path>
    <source>
        <database></database>
    </source>
    <size>
        <width>1024</width>
        <height>697</height>
        <depth>3</depth>
    </size>
    <segmented></segmented>
    <object>
        <name>Airplane</name>
        <IsTruncated>False</IsTruncated>
        <IsGroupOf>False</IsGroupOf>
        <IsOccluded>False</IsOccluded>
        <IsDepiction>False</IsDepiction>
        <IsInside>False</IsInside>
        <bndbox>
            <xmin>80</xmin>
            <ymin>251</ymin>
            <xmax>727</xmax>
            <ymax>676</ymax>
        </bndbox>
    </object>
</annotation>