<annotation>
    <folder></folder>
    <filename>004150f8442fdb42.jpg</filename>
    <path>C:\Users\deoli\Desktop\V7_export\data\004150f8442fdb42.jpg</path>
    <source>
        <database></database>
    </source>
    <size>
        <width>1024</width>
        <height>1024</height>
        <depth>3</depth>
    </size>
    <segmented></segmented>
    <object>
        <name>Boat</name>
        <IsTruncated>False</IsTruncated>
        <IsGroupOf>False</IsGroupOf>
        <IsOccluded>False</IsOccluded>
        <IsDepiction>False</IsDepiction>
        <IsInside>False</IsInside>
        <bndbox>
            <xmin>64</xmin>
            <ymin>254</ymin>
            <xmax>1023</xmax>
            <ymax>1023</ymax>
        </bndbox>
    </object>
</annotation>