<annotation>
    <folder></folder>
    <filename>0042b48119d199ee.jpg</filename>
    <path>C:\Users\deoli\Desktop\V7_export\data\0042b48119d199ee.jpg</path>
    <source>
        <database></database>
    </source>
    <size>
        <width>1024</width>
        <height>685</height>
        <depth>3</depth>
    </size>
    <segmented></segmented>
    <object>
        <name>Airplane</name>
        <IsTruncated>False</IsTruncated>
        <IsGroupOf>False</IsGroupOf>
        <IsOccluded>False</IsOccluded>
        <IsDepiction>False</IsDepiction>
        <IsInside>False</IsInside>
        <bndbox>
            <xmin>517</xmin>
            <ymin>227</ymin>
            <xmax>617</xmax>
            <ymax>313</ymax>
        </bndbox>
    </object>
</annotation>