<annotation>
    <folder></folder>
    <filename>004311b5e3baa9af.jpg</filename>
    <path>C:\Users\deoli\Desktop\V7_export\data\004311b5e3baa9af.jpg</path>
    <source>
        <database></database>
    </source>
    <size>
        <width>1024</width>
        <height>1024</height>
        <depth>3</depth>
    </size>
    <segmented></segmented>
    <object>
        <name>Airplane</name>
        <IsTruncated>True</IsTruncated>
        <IsGroupOf>False</IsGroupOf>
        <IsOccluded>False</IsOccluded>
        <IsDepiction>True</IsDepiction>
        <IsInside>False</IsInside>
        <bndbox>
            <xmin>40</xmin>
            <ymin>117</ymin>
            <xmax>980</xmax>
            <ymax>982</ymax>
        </bndbox>
    </object>
</annotation>