<annotation>
    <folder></folder>
    <filename>0043958d9c61c33a.jpg</filename>
    <path>C:\Users\deoli\Desktop\V7_export\data\0043958d9c61c33a.jpg</path>
    <source>
        <database></database>
    </source>
    <size>
        <width>1024</width>
        <height>768</height>
        <depth>3</depth>
    </size>
    <segmented></segmented>
    <object>
        <name>Dog</name>
        <IsTruncated>False</IsTruncated>
        <IsGroupOf>False</IsGroupOf>
        <IsOccluded>False</IsOccluded>
        <IsDepiction>False</IsDepiction>
        <IsInside>False</IsInside>
        <bndbox>
            <xmin>350</xmin>
            <ymin>513</ymin>
            <xmax>439</xmax>
            <ymax>669</ymax>
        </bndbox>
    </object>
</annotation>