<annotation>
    <folder></folder>
    <filename>004366197676e0fd.jpg</filename>
    <path>C:\Users\deoli\Desktop\V7_export\data\004366197676e0fd.jpg</path>
    <source>
        <database></database>
    </source>
    <size>
        <width>681</width>
        <height>1024</height>
        <depth>3</depth>
    </size>
    <segmented></segmented>
    <object>
        <name>Train</name>
        <IsTruncated>True</IsTruncated>
        <IsGroupOf>False</IsGroupOf>
        <IsOccluded>False</IsOccluded>
        <IsDepiction>False</IsDepiction>
        <IsInside>False</IsInside>
        <bndbox>
            <xmin>142</xmin>
            <ymin>0</ymin>
            <xmax>501</xmax>
            <ymax>817</ymax>
        </bndbox>
    </object>
</annotation>