<annotation>
    <folder></folder>
    <filename>0044749399e41659.jpg</filename>
    <path>C:\Users\deoli\Desktop\V7_export\data\0044749399e41659.jpg</path>
    <source>
        <database></database>
    </source>
    <size>
        <width>1024</width>
        <height>678</height>
        <depth>3</depth>
    </size>
    <segmented></segmented>
    <object>
        <name>Boat</name>
        <IsTruncated>False</IsTruncated>
        <IsGroupOf>False</IsGroupOf>
        <IsOccluded>True</IsOccluded>
        <IsDepiction>False</IsDepiction>
        <IsInside>False</IsInside>
        <bndbox>
            <xmin>339</xmin>
            <ymin>464</ymin>
            <xmax>408</xmax>
            <ymax>498</ymax>
        </bndbox>
    </object>
</annotation>