<annotation>
    <folder></folder>
    <filename>0044bd9f234a09df.jpg</filename>
    <path>C:\Users\deoli\Desktop\V7_export\data\0044bd9f234a09df.jpg</path>
    <source>
        <database></database>
    </source>
    <size>
        <width>768</width>
        <height>1024</height>
        <depth>3</depth>
    </size>
    <segmented></segmented>
    <object>
        <name>Dog</name>
        <IsTruncated>True</IsTruncated>
        <IsGroupOf>False</IsGroupOf>
        <IsOccluded>False</IsOccluded>
        <IsDepiction>False</IsDepiction>
        <IsInside>False</IsInside>
        <bndbox>
            <xmin>82</xmin>
            <ymin>0</ymin>
            <xmax>648</xmax>
            <ymax>794</ymax>
        </bndbox>
    </object>
</annotation>