<annotation>
    <folder></folder>
    <filename>0044f9d73855d195.jpg</filename>
    <path>C:\Users\deoli\Desktop\V7_export\data\0044f9d73855d195.jpg</path>
    <source>
        <database></database>
    </source>
    <size>
        <width>1024</width>
        <height>681</height>
        <depth>3</depth>
    </size>
    <segmented></segmented>
    <object>
        <name>Boat</name>
        <IsTruncated>True</IsTruncated>
        <IsGroupOf>False</IsGroupOf>
        <IsOccluded>True</IsOccluded>
        <IsDepiction>False</IsDepiction>
        <IsInside>False</IsInside>
        <bndbox>
            <xmin>1</xmin>
            <ymin>0</ymin>
            <xmax>917</xmax>
            <ymax>680</ymax>
        </bndbox>
    </object>
</annotation>