<annotation>
    <folder></folder>
    <filename>004445e7e2c90b1a.jpg</filename>
    <path>C:\Users\deoli\Desktop\V7_export\data\004445e7e2c90b1a.jpg</path>
    <source>
        <database></database>
    </source>
    <size>
        <width>685</width>
        <height>1024</height>
        <depth>3</depth>
    </size>
    <segmented></segmented>
    <object>
        <name>Horse</name>
        <IsTruncated>True</IsTruncated>
        <IsGroupOf>False</IsGroupOf>
        <IsOccluded>True</IsOccluded>
        <IsDepiction>False</IsDepiction>
        <IsInside>False</IsInside>
        <bndbox>
            <xmin>0</xmin>
            <ymin>621</ymin>
            <xmax>321</xmax>
            <ymax>1023</ymax>
        </bndbox>
    </object>
</annotation>