<annotation>
    <folder></folder>
    <filename>00456887ba702f5d.jpg</filename>
    <path>C:\Users\deoli\Desktop\V7_export\data\00456887ba702f5d.jpg</path>
    <source>
        <database></database>
    </source>
    <size>
        <width>768</width>
        <height>1024</height>
        <depth>3</depth>
    </size>
    <segmented></segmented>
    <object>
        <name>Dog</name>
        <IsTruncated>True</IsTruncated>
        <IsGroupOf>False</IsGroupOf>
        <IsOccluded>False</IsOccluded>
        <IsDepiction>False</IsDepiction>
        <IsInside>False</IsInside>
        <bndbox>
            <xmin>101</xmin>
            <ymin>152</ymin>
            <xmax>571</xmax>
            <ymax>1023</ymax>
        </bndbox>
    </object>
</annotation>