<annotation>
    <folder></folder>
    <filename>0045af2811e47ab7.jpg</filename>
    <path>C:\Users\deoli\Desktop\V7_export\data\0045af2811e47ab7.jpg</path>
    <source>
        <database></database>
    </source>
    <size>
        <width>1024</width>
        <height>488</height>
        <depth>3</depth>
    </size>
    <segmented></segmented>
    <object>
        <name>Boat</name>
        <IsTruncated>False</IsTruncated>
        <IsGroupOf>False</IsGroupOf>
        <IsOccluded>True</IsOccluded>
        <IsDepiction>False</IsDepiction>
        <IsInside>False</IsInside>
        <bndbox>
            <xmin>194</xmin>
            <ymin>213</ymin>
            <xmax>975</xmax>
            <ymax>449</ymax>
        </bndbox>
    </object>
</annotation>