<annotation>
    <folder></folder>
    <filename>0045a7bed2ed83f5.jpg</filename>
    <path>C:\Users\deoli\Desktop\V7_export\data\0045a7bed2ed83f5.jpg</path>
    <source>
        <database></database>
    </source>
    <size>
        <width>782</width>
        <height>1024</height>
        <depth>3</depth>
    </size>
    <segmented></segmented>
    <object>
        <name>Boat</name>
        <IsTruncated>False</IsTruncated>
        <IsGroupOf>False</IsGroupOf>
        <IsOccluded>False</IsOccluded>
        <IsDepiction>False</IsDepiction>
        <IsInside>False</IsInside>
        <bndbox>
            <xmin>30</xmin>
            <ymin>394</ymin>
            <xmax>582</xmax>
            <ymax>937</ymax>
        </bndbox>
    </object>
</annotation>