<annotation>
    <folder></folder>
    <filename>0046d2724ff8fff9.jpg</filename>
    <path>C:\Users\deoli\Desktop\V7_export\data\0046d2724ff8fff9.jpg</path>
    <source>
        <database></database>
    </source>
    <size>
        <width>1024</width>
        <height>655</height>
        <depth>3</depth>
    </size>
    <segmented></segmented>
    <object>
        <name>Bird</name>
        <IsTruncated>False</IsTruncated>
        <IsGroupOf>False</IsGroupOf>
        <IsOccluded>True</IsOccluded>
        <IsDepiction>False</IsDepiction>
        <IsInside>False</IsInside>
        <bndbox>
            <xmin>604</xmin>
            <ymin>248</ymin>
            <xmax>870</xmax>
            <ymax>429</ymax>
        </bndbox>
    </object>
</annotation>