<annotation>
    <folder></folder>
    <filename>0046b2d52471c12f.jpg</filename>
    <path>C:\Users\deoli\Desktop\V7_export\data\0046b2d52471c12f.jpg</path>
    <source>
        <database></database>
    </source>
    <size>
        <width>1024</width>
        <height>681</height>
        <depth>3</depth>
    </size>
    <segmented></segmented>
    <object>
        <name>Person</name>
        <IsTruncated>True</IsTruncated>
        <IsGroupOf>False</IsGroupOf>
        <IsOccluded>True</IsOccluded>
        <IsDepiction>False</IsDepiction>
        <IsInside>False</IsInside>
        <bndbox>
            <xmin>193</xmin>
            <ymin>0</ymin>
            <xmax>877</xmax>
            <ymax>680</ymax>
        </bndbox>
    </object>
</annotation>