<annotation>
    <folder></folder>
    <filename>0046082265c2139c.jpg</filename>
    <path>C:\Users\deoli\Desktop\V7_export\data\0046082265c2139c.jpg</path>
    <source>
        <database></database>
    </source>
    <size>
        <width>1024</width>
        <height>683</height>
        <depth>3</depth>
    </size>
    <segmented></segmented>
    <object>
        <name>Dog</name>
        <IsTruncated>False</IsTruncated>
        <IsGroupOf>False</IsGroupOf>
        <IsOccluded>True</IsOccluded>
        <IsDepiction>False</IsDepiction>
        <IsInside>False</IsInside>
        <bndbox>
            <xmin>166</xmin>
            <ymin>120</ymin>
            <xmax>755</xmax>
            <ymax>536</ymax>
        </bndbox>
    </object>
</annotation>