<annotation>
    <folder></folder>
    <filename>0047df63349eaa1d.jpg</filename>
    <path>C:\Users\deoli\Desktop\V7_export\data\0047df63349eaa1d.jpg</path>
    <source>
        <database></database>
    </source>
    <size>
        <width>1024</width>
        <height>682</height>
        <depth>3</depth>
    </size>
    <segmented></segmented>
    <object>
        <name>Airplane</name>
        <IsTruncated>False</IsTruncated>
        <IsGroupOf>False</IsGroupOf>
        <IsOccluded>False</IsOccluded>
        <IsDepiction>False</IsDepiction>
        <IsInside>False</IsInside>
        <bndbox>
            <xmin>22</xmin>
            <ymin>142</ymin>
            <xmax>997</xmax>
            <ymax>457</ymax>
        </bndbox>
    </object>
</annotation>