<annotation>
    <folder></folder>
    <filename>00478d2ee36ede12.jpg</filename>
    <path>C:\Users\deoli\Desktop\V7_export\data\00478d2ee36ede12.jpg</path>
    <source>
        <database></database>
    </source>
    <size>
        <width>1024</width>
        <height>768</height>
        <depth>3</depth>
    </size>
    <segmented></segmented>
    <object>
        <name>Cat</name>
        <IsTruncated>True</IsTruncated>
        <IsGroupOf>False</IsGroupOf>
        <IsOccluded>False</IsOccluded>
        <IsDepiction>False</IsDepiction>
        <IsInside>False</IsInside>
        <bndbox>
            <xmin>56</xmin>
            <ymin>204</ymin>
            <xmax>1022</xmax>
            <ymax>603</ymax>
        </bndbox>
    </object>
</annotation>