<annotation>
    <folder></folder>
    <filename>0047d58ff21c0342.jpg</filename>
    <path>C:\Users\deoli\Desktop\V7_export\data\0047d58ff21c0342.jpg</path>
    <source>
        <database></database>
    </source>
    <size>
        <width>1024</width>
        <height>685</height>
        <depth>3</depth>
    </size>
    <segmented></segmented>
    <object>
        <name>Airplane</name>
        <IsTruncated>True</IsTruncated>
        <IsGroupOf>False</IsGroupOf>
        <IsOccluded>False</IsOccluded>
        <IsDepiction>False</IsDepiction>
        <IsInside>False</IsInside>
        <bndbox>
            <xmin>323</xmin>
            <ymin>26</ymin>
            <xmax>1023</xmax>
            <ymax>684</ymax>
        </bndbox>
    </object>
</annotation>