<annotation>
    <folder></folder>
    <filename>0047dfbba91bafd0.jpg</filename>
    <path>C:\Users\deoli\Desktop\V7_export\data\0047dfbba91bafd0.jpg</path>
    <source>
        <database></database>
    </source>
    <size>
        <width>1024</width>
        <height>742</height>
        <depth>3</depth>
    </size>
    <segmented></segmented>
    <object>
        <name>Bird</name>
        <IsTruncated>False</IsTruncated>
        <IsGroupOf>False</IsGroupOf>
        <IsOccluded>False</IsOccluded>
        <IsDepiction>True</IsDepiction>
        <IsInside>False</IsInside>
        <bndbox>
            <xmin>30</xmin>
            <ymin>1</ymin>
            <xmax>389</xmax>
            <ymax>619</ymax>
        </bndbox>
    </object>
</annotation>