<annotation>
    <folder></folder>
    <filename>0048fc709542064b.jpg</filename>
    <path>C:\Users\deoli\Desktop\V7_export\data\0048fc709542064b.jpg</path>
    <source>
        <database></database>
    </source>
    <size>
        <width>685</width>
        <height>1024</height>
        <depth>3</depth>
    </size>
    <segmented></segmented>
    <object>
        <name>Horse</name>
        <IsTruncated>False</IsTruncated>
        <IsGroupOf>False</IsGroupOf>
        <IsOccluded>False</IsOccluded>
        <IsDepiction>True</IsDepiction>
        <IsInside>False</IsInside>
        <bndbox>
            <xmin>172</xmin>
            <ymin>113</ymin>
            <xmax>478</xmax>
            <ymax>896</ymax>
        </bndbox>
    </object>
</annotation>