<annotation>
    <folder></folder>
    <filename>004849ee5cd36c79.jpg</filename>
    <path>C:\Users\deoli\Desktop\V7_export\data\004849ee5cd36c79.jpg</path>
    <source>
        <database></database>
    </source>
    <size>
        <width>1024</width>
        <height>641</height>
        <depth>3</depth>
    </size>
    <segmented></segmented>
    <object>
        <name>Train</name>
        <IsTruncated>False</IsTruncated>
        <IsGroupOf>False</IsGroupOf>
        <IsOccluded>False</IsOccluded>
        <IsDepiction>False</IsDepiction>
        <IsInside>False</IsInside>
        <bndbox>
            <xmin>194</xmin>
            <ymin>201</ymin>
            <xmax>846</xmax>
            <ymax>597</ymax>
        </bndbox>
    </object>
</annotation>