<annotation>
    <folder></folder>
    <filename>0048e5088d65f04e.jpg</filename>
    <path>C:\Users\deoli\Desktop\V7_export\data\0048e5088d65f04e.jpg</path>
    <source>
        <database></database>
    </source>
    <size>
        <width>1024</width>
        <height>768</height>
        <depth>3</depth>
    </size>
    <segmented></segmented>
    <object>
        <name>Dog</name>
        <IsTruncated>False</IsTruncated>
        <IsGroupOf>False</IsGroupOf>
        <IsOccluded>True</IsOccluded>
        <IsDepiction>False</IsDepiction>
        <IsInside>False</IsInside>
        <bndbox>
            <xmin>71</xmin>
            <ymin>197</ymin>
            <xmax>640</xmax>
            <ymax>613</ymax>
        </bndbox>
    </object>
</annotation>