<annotation>
    <folder></folder>
    <filename>0048e178f27faa64.jpg</filename>
    <path>C:\Users\deoli\Desktop\V7_export\data\0048e178f27faa64.jpg</path>
    <source>
        <database></database>
    </source>
    <size>
        <width>1024</width>
        <height>579</height>
        <depth>3</depth>
    </size>
    <segmented></segmented>
    <object>
        <name>Bird</name>
        <IsTruncated>False</IsTruncated>
        <IsGroupOf>False</IsGroupOf>
        <IsOccluded>True</IsOccluded>
        <IsDepiction>False</IsDepiction>
        <IsInside>False</IsInside>
        <bndbox>
            <xmin>192</xmin>
            <ymin>13</ymin>
            <xmax>624</xmax>
            <ymax>549</ymax>
        </bndbox>
    </object>
</annotation>