<annotation>
    <folder></folder>
    <filename>004988db26d6232b.jpg</filename>
    <path>C:\Users\deoli\Desktop\V7_export\data\004988db26d6232b.jpg</path>
    <source>
        <database></database>
    </source>
    <size>
        <width>1024</width>
        <height>1024</height>
        <depth>3</depth>
    </size>
    <segmented></segmented>
    <object>
        <name>Dog</name>
        <IsTruncated>True</IsTruncated>
        <IsGroupOf>False</IsGroupOf>
        <IsOccluded>True</IsOccluded>
        <IsDepiction>False</IsDepiction>
        <IsInside>False</IsInside>
        <bndbox>
            <xmin>32</xmin>
            <ymin>156</ymin>
            <xmax>1023</xmax>
            <ymax>960</ymax>
        </bndbox>
    </object>
</annotation>