<annotation>
    <folder></folder>
    <filename>0049524750a81ecc.jpg</filename>
    <path>C:\Users\deoli\Desktop\V7_export\data\0049524750a81ecc.jpg</path>
    <source>
        <database></database>
    </source>
    <size>
        <width>1024</width>
        <height>768</height>
        <depth>3</depth>
    </size>
    <segmented></segmented>
    <object>
        <name>Cat</name>
        <IsTruncated>True</IsTruncated>
        <IsGroupOf>False</IsGroupOf>
        <IsOccluded>False</IsOccluded>
        <IsDepiction>False</IsDepiction>
        <IsInside>False</IsInside>
        <bndbox>
            <xmin>67</xmin>
            <ymin>30</ymin>
            <xmax>1023</xmax>
            <ymax>682</ymax>
        </bndbox>
    </object>
</annotation>