<annotation>
    <folder></folder>
    <filename>00493fdf106b5fdf.jpg</filename>
    <path>C:\Users\deoli\Desktop\V7_export\data\00493fdf106b5fdf.jpg</path>
    <source>
        <database></database>
    </source>
    <size>
        <width>1024</width>
        <height>682</height>
        <depth>3</depth>
    </size>
    <segmented></segmented>
    <object>
        <name>Dog</name>
        <IsTruncated>False</IsTruncated>
        <IsGroupOf>False</IsGroupOf>
        <IsOccluded>False</IsOccluded>
        <IsDepiction>False</IsDepiction>
        <IsInside>False</IsInside>
        <bndbox>
            <xmin>87</xmin>
            <ymin>0</ymin>
            <xmax>765</xmax>
            <ymax>682</ymax>
        </bndbox>
    </object>
</annotation>