<annotation>
    <folder></folder>
    <filename>0049fef27fa2a149.jpg</filename>
    <path>C:\Users\deoli\Desktop\V7_export\data\0049fef27fa2a149.jpg</path>
    <source>
        <database></database>
    </source>
    <size>
        <width>1024</width>
        <height>613</height>
        <depth>3</depth>
    </size>
    <segmented></segmented>
    <object>
        <name>Dog</name>
        <IsTruncated>False</IsTruncated>
        <IsGroupOf>False</IsGroupOf>
        <IsOccluded>False</IsOccluded>
        <IsDepiction>False</IsDepiction>
        <IsInside>False</IsInside>
        <bndbox>
            <xmin>71</xmin>
            <ymin>49</ymin>
            <xmax>296</xmax>
            <ymax>429</ymax>
        </bndbox>
    </object>
</annotation>