<annotation>
    <folder></folder>
    <filename>004a25966536139d.jpg</filename>
    <path>C:\Users\deoli\Desktop\V7_export\data\004a25966536139d.jpg</path>
    <source>
        <database></database>
    </source>
    <size>
        <width>1024</width>
        <height>768</height>
        <depth>3</depth>
    </size>
    <segmented></segmented>
    <object>
        <name>Bird</name>
        <IsTruncated>False</IsTruncated>
        <IsGroupOf>False</IsGroupOf>
        <IsOccluded>True</IsOccluded>
        <IsDepiction>False</IsDepiction>
        <IsInside>False</IsInside>
        <bndbox>
            <xmin>373</xmin>
            <ymin>202</ymin>
            <xmax>583</xmax>
            <ymax>582</ymax>
        </bndbox>
    </object>
</annotation>