<annotation>
    <folder></folder>
    <filename>004aaf7fe2a9ae68.jpg</filename>
    <path>C:\Users\deoli\Desktop\V7_export\data\004aaf7fe2a9ae68.jpg</path>
    <source>
        <database></database>
    </source>
    <size>
        <width>1024</width>
        <height>686</height>
        <depth>3</depth>
    </size>
    <segmented></segmented>
    <object>
        <name>Cat</name>
        <IsTruncated>False</IsTruncated>
        <IsGroupOf>False</IsGroupOf>
        <IsOccluded>False</IsOccluded>
        <IsDepiction>False</IsDepiction>
        <IsInside>False</IsInside>
        <bndbox>
            <xmin>215</xmin>
            <ymin>307</ymin>
            <xmax>437</xmax>
            <ymax>491</ymax>
        </bndbox>
    </object>
</annotation>