<annotation>
    <folder></folder>
    <filename>004a24dddb6131c3.jpg</filename>
    <path>C:\Users\deoli\Desktop\V7_export\data\004a24dddb6131c3.jpg</path>
    <source>
        <database></database>
    </source>
    <size>
        <width>1024</width>
        <height>575</height>
        <depth>3</depth>
    </size>
    <segmented></segmented>
    <object>
        <name>Bird</name>
        <IsTruncated>False</IsTruncated>
        <IsGroupOf>False</IsGroupOf>
        <IsOccluded>True</IsOccluded>
        <IsDepiction>False</IsDepiction>
        <IsInside>False</IsInside>
        <bndbox>
            <xmin>451</xmin>
            <ymin>184</ymin>
            <xmax>817</xmax>
            <ymax>457</ymax>
        </bndbox>
    </object>
</annotation>