<annotation>
    <folder></folder>
    <filename>004b3dccdc129f53.jpg</filename>
    <path>C:\Users\deoli\Desktop\V7_export\data\004b3dccdc129f53.jpg</path>
    <source>
        <database></database>
    </source>
    <size>
        <width>1024</width>
        <height>678</height>
        <depth>3</depth>
    </size>
    <segmented></segmented>
    <object>
        <name>Bus</name>
        <IsTruncated>True</IsTruncated>
        <IsGroupOf>False</IsGroupOf>
        <IsOccluded>True</IsOccluded>
        <IsDepiction>False</IsDepiction>
        <IsInside>False</IsInside>
        <bndbox>
            <xmin>0</xmin>
            <ymin>0</ymin>
            <xmax>479</xmax>
            <ymax>644</ymax>
        </bndbox>
    </object>
</annotation>