<annotation>
    <folder></folder>
    <filename>004b6bf1ef1414b6.jpg</filename>
    <path>C:\Users\deoli\Desktop\V7_export\data\004b6bf1ef1414b6.jpg</path>
    <source>
        <database></database>
    </source>
    <size>
        <width>1024</width>
        <height>767</height>
        <depth>3</depth>
    </size>
    <segmented></segmented>
    <object>
        <name>Cat</name>
        <IsTruncated>True</IsTruncated>
        <IsGroupOf>True</IsGroupOf>
        <IsOccluded>True</IsOccluded>
        <IsDepiction>True</IsDepiction>
        <IsInside>True</IsInside>
        <bndbox>
            <xmin>2</xmin>
            <ymin>1</ymin>
            <xmax>941</xmax>
            <ymax>729</ymax>
        </bndbox>
    </object>
</annotation>