<annotation>
    <folder></folder>
    <filename>004b8c528ce16be4.jpg</filename>
    <path>C:\Users\deoli\Desktop\V7_export\data\004b8c528ce16be4.jpg</path>
    <source>
        <database></database>
    </source>
    <size>
        <width>1024</width>
        <height>681</height>
        <depth>3</depth>
    </size>
    <segmented></segmented>
    <object>
        <name>Dog</name>
        <IsTruncated>False</IsTruncated>
        <IsGroupOf>False</IsGroupOf>
        <IsOccluded>True</IsOccluded>
        <IsDepiction>False</IsDepiction>
        <IsInside>False</IsInside>
        <bndbox>
            <xmin>408</xmin>
            <ymin>146</ymin>
            <xmax>809</xmax>
            <ymax>541</ymax>
        </bndbox>
    </object>
</annotation>