<annotation>
    <folder></folder>
    <filename>004c1bdc6430de45.jpg</filename>
    <path>C:\Users\deoli\Desktop\V7_export\data\004c1bdc6430de45.jpg</path>
    <source>
        <database></database>
    </source>
    <size>
        <width>652</width>
        <height>1024</height>
        <depth>3</depth>
    </size>
    <segmented></segmented>
    <object>
        <name>Bird</name>
        <IsTruncated>False</IsTruncated>
        <IsGroupOf>False</IsGroupOf>
        <IsOccluded>False</IsOccluded>
        <IsDepiction>True</IsDepiction>
        <IsInside>False</IsInside>
        <bndbox>
            <xmin>179</xmin>
            <ymin>353</ymin>
            <xmax>467</xmax>
            <ymax>620</ymax>
        </bndbox>
    </object>
</annotation>