<annotation>
    <folder></folder>
    <filename>004cb64453c6db2c.jpg</filename>
    <path>C:\Users\deoli\Desktop\V7_export\data\004cb64453c6db2c.jpg</path>
    <source>
        <database></database>
    </source>
    <size>
        <width>1024</width>
        <height>944</height>
        <depth>3</depth>
    </size>
    <segmented></segmented>
    <object>
        <name>Bird</name>
        <IsTruncated>False</IsTruncated>
        <IsGroupOf>False</IsGroupOf>
        <IsOccluded>True</IsOccluded>
        <IsDepiction>False</IsDepiction>
        <IsInside>False</IsInside>
        <bndbox>
            <xmin>285</xmin>
            <ymin>159</ymin>
            <xmax>653</xmax>
            <ymax>402</ymax>
        </bndbox>
    </object>
</annotation>