<annotation>
    <folder></folder>
    <filename>004c4ae05a363ccf.jpg</filename>
    <path>C:\Users\deoli\Desktop\V7_export\data\004c4ae05a363ccf.jpg</path>
    <source>
        <database></database>
    </source>
    <size>
        <width>1024</width>
        <height>768</height>
        <depth>3</depth>
    </size>
    <segmented></segmented>
    <object>
        <name>Dog</name>
        <IsTruncated>False</IsTruncated>
        <IsGroupOf>False</IsGroupOf>
        <IsOccluded>True</IsOccluded>
        <IsDepiction>False</IsDepiction>
        <IsInside>False</IsInside>
        <bndbox>
            <xmin>606</xmin>
            <ymin>276</ymin>
            <xmax>852</xmax>
            <ymax>695</ymax>
        </bndbox>
    </object>
</annotation>