<annotation>
    <folder></folder>
    <filename>004cc8de466969bc.jpg</filename>
    <path>C:\Users\deoli\Desktop\V7_export\data\004cc8de466969bc.jpg</path>
    <source>
        <database></database>
    </source>
    <size>
        <width>1024</width>
        <height>688</height>
        <depth>3</depth>
    </size>
    <segmented></segmented>
    <object>
        <name>Bird</name>
        <IsTruncated>False</IsTruncated>
        <IsGroupOf>False</IsGroupOf>
        <IsOccluded>True</IsOccluded>
        <IsDepiction>False</IsDepiction>
        <IsInside>False</IsInside>
        <bndbox>
            <xmin>376</xmin>
            <ymin>292</ymin>
            <xmax>664</xmax>
            <ymax>477</ymax>
        </bndbox>
    </object>
</annotation>