<annotation>
    <folder></folder>
    <filename>004c5108977ac0d8.jpg</filename>
    <path>C:\Users\deoli\Desktop\V7_export\data\004c5108977ac0d8.jpg</path>
    <source>
        <database></database>
    </source>
    <size>
        <width>678</width>
        <height>1024</height>
        <depth>3</depth>
    </size>
    <segmented></segmented>
    <object>
        <name>Person</name>
        <IsTruncated>False</IsTruncated>
        <IsGroupOf>False</IsGroupOf>
        <IsOccluded>False</IsOccluded>
        <IsDepiction>False</IsDepiction>
        <IsInside>False</IsInside>
        <bndbox>
            <xmin>138</xmin>
            <ymin>119</ymin>
            <xmax>538</xmax>
            <ymax>725</ymax>
        </bndbox>
    </object>
</annotation>