<annotation>
    <folder></folder>
    <filename>004dfea398ea37e2.jpg</filename>
    <path>C:\Users\deoli\Desktop\V7_export\data\004dfea398ea37e2.jpg</path>
    <source>
        <database></database>
    </source>
    <size>
        <width>1024</width>
        <height>745</height>
        <depth>3</depth>
    </size>
    <segmented></segmented>
    <object>
        <name>Airplane</name>
        <IsTruncated>True</IsTruncated>
        <IsGroupOf>False</IsGroupOf>
        <IsOccluded>False</IsOccluded>
        <IsDepiction>False</IsDepiction>
        <IsInside>False</IsInside>
        <bndbox>
            <xmin>479</xmin>
            <ymin>392</ymin>
            <xmax>845</xmax>
            <ymax>554</ymax>
        </bndbox>
    </object>
</annotation>