<annotation>
    <folder></folder>
    <filename>004d974bc16e210e.jpg</filename>
    <path>C:\Users\deoli\Desktop\V7_export\data\004d974bc16e210e.jpg</path>
    <source>
        <database></database>
    </source>
    <size>
        <width>1024</width>
        <height>685</height>
        <depth>3</depth>
    </size>
    <segmented></segmented>
    <object>
        <name>Bird</name>
        <IsTruncated>False</IsTruncated>
        <IsGroupOf>False</IsGroupOf>
        <IsOccluded>True</IsOccluded>
        <IsDepiction>False</IsDepiction>
        <IsInside>False</IsInside>
        <bndbox>
            <xmin>341</xmin>
            <ymin>179</ymin>
            <xmax>493</xmax>
            <ymax>338</ymax>
        </bndbox>
    </object>
</annotation>