<annotation>
    <folder></folder>
    <filename>004d69d2713fec19.jpg</filename>
    <path>C:\Users\deoli\Desktop\V7_export\data\004d69d2713fec19.jpg</path>
    <source>
        <database></database>
    </source>
    <size>
        <width>1024</width>
        <height>683</height>
        <depth>3</depth>
    </size>
    <segmented></segmented>
    <object>
        <name>Boat</name>
        <IsTruncated>False</IsTruncated>
        <IsGroupOf>False</IsGroupOf>
        <IsOccluded>False</IsOccluded>
        <IsDepiction>False</IsDepiction>
        <IsInside>False</IsInside>
        <bndbox>
            <xmin>424</xmin>
            <ymin>139</ymin>
            <xmax>704</xmax>
            <ymax>401</ymax>
        </bndbox>
    </object>
</annotation>