<annotation>
    <folder></folder>
    <filename>004d9a6bb834b10a.jpg</filename>
    <path>C:\Users\deoli\Desktop\V7_export\data\004d9a6bb834b10a.jpg</path>
    <source>
        <database></database>
    </source>
    <size>
        <width>1024</width>
        <height>1024</height>
        <depth>3</depth>
    </size>
    <segmented></segmented>
    <object>
        <name>Dog</name>
        <IsTruncated>True</IsTruncated>
        <IsGroupOf>False</IsGroupOf>
        <IsOccluded>False</IsOccluded>
        <IsDepiction>True</IsDepiction>
        <IsInside>False</IsInside>
        <bndbox>
            <xmin>24</xmin>
            <ymin>177</ymin>
            <xmax>670</xmax>
            <ymax>986</ymax>
        </bndbox>
    </object>
</annotation>