<annotation>
    <folder></folder>
    <filename>004db3905ad60f7d.jpg</filename>
    <path>C:\Users\deoli\Desktop\V7_export\data\004db3905ad60f7d.jpg</path>
    <source>
        <database></database>
    </source>
    <size>
        <width>1024</width>
        <height>680</height>
        <depth>3</depth>
    </size>
    <segmented></segmented>
    <object>
        <name>Horse</name>
        <IsTruncated>False</IsTruncated>
        <IsGroupOf>False</IsGroupOf>
        <IsOccluded>True</IsOccluded>
        <IsDepiction>False</IsDepiction>
        <IsInside>False</IsInside>
        <bndbox>
            <xmin>217</xmin>
            <ymin>149</ymin>
            <xmax>555</xmax>
            <ymax>614</ymax>
        </bndbox>
    </object>
</annotation>