<annotation>
    <folder></folder>
    <filename>004d59410d097b40.jpg</filename>
    <path>C:\Users\deoli\Desktop\V7_export\data\004d59410d097b40.jpg</path>
    <source>
        <database></database>
    </source>
    <size>
        <width>674</width>
        <height>1024</height>
        <depth>3</depth>
    </size>
    <segmented></segmented>
    <object>
        <name>Train</name>
        <IsTruncated>True</IsTruncated>
        <IsGroupOf>False</IsGroupOf>
        <IsOccluded>True</IsOccluded>
        <IsDepiction>False</IsDepiction>
        <IsInside>False</IsInside>
        <bndbox>
            <xmin>0</xmin>
            <ymin>578</ymin>
            <xmax>336</xmax>
            <ymax>933</ymax>
        </bndbox>
    </object>
</annotation>