<annotation>
    <folder></folder>
    <filename>004ea5b108af245c.jpg</filename>
    <path>C:\Users\deoli\Desktop\V7_export\data\004ea5b108af245c.jpg</path>
    <source>
        <database></database>
    </source>
    <size>
        <width>1024</width>
        <height>766</height>
        <depth>3</depth>
    </size>
    <segmented></segmented>
    <object>
        <name>Boat</name>
        <IsTruncated>True</IsTruncated>
        <IsGroupOf>False</IsGroupOf>
        <IsOccluded>True</IsOccluded>
        <IsDepiction>False</IsDepiction>
        <IsInside>False</IsInside>
        <bndbox>
            <xmin>91</xmin>
            <ymin>1</ymin>
            <xmax>844</xmax>
            <ymax>701</ymax>
        </bndbox>
    </object>
</annotation>