<annotation>
    <folder></folder>
    <filename>004e7fcdd69e931a.jpg</filename>
    <path>C:\Users\deoli\Desktop\V7_export\data\004e7fcdd69e931a.jpg</path>
    <source>
        <database></database>
    </source>
    <size>
        <width>768</width>
        <height>1024</height>
        <depth>3</depth>
    </size>
    <segmented></segmented>
    <object>
        <name>Dog</name>
        <IsTruncated>True</IsTruncated>
        <IsGroupOf>False</IsGroupOf>
        <IsOccluded>True</IsOccluded>
        <IsDepiction>False</IsDepiction>
        <IsInside>False</IsInside>
        <bndbox>
            <xmin>34</xmin>
            <ymin>433</ymin>
            <xmax>451</xmax>
            <ymax>1022</ymax>
        </bndbox>
    </object>
</annotation>