<annotation>
    <folder></folder>
    <filename>004e1fe55254cb7c.jpg</filename>
    <path>C:\Users\deoli\Desktop\V7_export\data\004e1fe55254cb7c.jpg</path>
    <source>
        <database></database>
    </source>
    <size>
        <width>1024</width>
        <height>768</height>
        <depth>3</depth>
    </size>
    <segmented></segmented>
    <object>
        <name>Bird</name>
        <IsTruncated>False</IsTruncated>
        <IsGroupOf>False</IsGroupOf>
        <IsOccluded>False</IsOccluded>
        <IsDepiction>False</IsDepiction>
        <IsInside>False</IsInside>
        <bndbox>
            <xmin>164</xmin>
            <ymin>267</ymin>
            <xmax>594</xmax>
            <ymax>553</ymax>
        </bndbox>
    </object>
</annotation>