<annotation>
    <folder></folder>
    <filename>004e12b7b46f05e7.jpg</filename>
    <path>C:\Users\deoli\Desktop\V7_export\data\004e12b7b46f05e7.jpg</path>
    <source>
        <database></database>
    </source>
    <size>
        <width>1024</width>
        <height>640</height>
        <depth>3</depth>
    </size>
    <segmented></segmented>
    <object>
        <name>Train</name>
        <IsTruncated>False</IsTruncated>
        <IsGroupOf>False</IsGroupOf>
        <IsOccluded>False</IsOccluded>
        <IsDepiction>False</IsDepiction>
        <IsInside>False</IsInside>
        <bndbox>
            <xmin>540</xmin>
            <ymin>261</ymin>
            <xmax>816</xmax>
            <ymax>513</ymax>
        </bndbox>
    </object>
</annotation>