<annotation>
    <folder></folder>
    <filename>004e4be6604089ed.jpg</filename>
    <path>C:\Users\deoli\Desktop\V7_export\data\004e4be6604089ed.jpg</path>
    <source>
        <database></database>
    </source>
    <size>
        <width>1024</width>
        <height>735</height>
        <depth>3</depth>
    </size>
    <segmented></segmented>
    <object>
        <name>Boat</name>
        <IsTruncated>True</IsTruncated>
        <IsGroupOf>False</IsGroupOf>
        <IsOccluded>True</IsOccluded>
        <IsDepiction>False</IsDepiction>
        <IsInside>False</IsInside>
        <bndbox>
            <xmin>0</xmin>
            <ymin>281</ymin>
            <xmax>1022</xmax>
            <ymax>706</ymax>
        </bndbox>
    </object>
</annotation>