<annotation>
    <folder></folder>
    <filename>004eee24eb43f013.jpg</filename>
    <path>C:\Users\deoli\Desktop\V7_export\data\004eee24eb43f013.jpg</path>
    <source>
        <database></database>
    </source>
    <size>
        <width>768</width>
        <height>1024</height>
        <depth>3</depth>
    </size>
    <segmented></segmented>
    <object>
        <name>Bird</name>
        <IsTruncated>False</IsTruncated>
        <IsGroupOf>False</IsGroupOf>
        <IsOccluded>False</IsOccluded>
        <IsDepiction>False</IsDepiction>
        <IsInside>False</IsInside>
        <bndbox>
            <xmin>183</xmin>
            <ymin>294</ymin>
            <xmax>655</xmax>
            <ymax>975</ymax>
        </bndbox>
    </object>
</annotation>