<annotation>
    <folder></folder>
    <filename>004e26b41de45ed0.jpg</filename>
    <path>C:\Users\deoli\Desktop\V7_export\data\004e26b41de45ed0.jpg</path>
    <source>
        <database></database>
    </source>
    <size>
        <width>1024</width>
        <height>768</height>
        <depth>3</depth>
    </size>
    <segmented></segmented>
    <object>
        <name>Bus</name>
        <IsTruncated>True</IsTruncated>
        <IsGroupOf>False</IsGroupOf>
        <IsOccluded>True</IsOccluded>
        <IsDepiction>False</IsDepiction>
        <IsInside>False</IsInside>
        <bndbox>
            <xmin>0</xmin>
            <ymin>0</ymin>
            <xmax>1022</xmax>
            <ymax>766</ymax>
        </bndbox>
    </object>
</annotation>