<annotation>
    <folder></folder>
    <filename>004ffa09dd14ac62.jpg</filename>
    <path>C:\Users\deoli\Desktop\V7_export\data\004ffa09dd14ac62.jpg</path>
    <source>
        <database></database>
    </source>
    <size>
        <width>1024</width>
        <height>683</height>
        <depth>3</depth>
    </size>
    <segmented></segmented>
    <object>
        <name>Train</name>
        <IsTruncated>False</IsTruncated>
        <IsGroupOf>False</IsGroupOf>
        <IsOccluded>False</IsOccluded>
        <IsDepiction>True</IsDepiction>
        <IsInside>False</IsInside>
        <bndbox>
            <xmin>219</xmin>
            <ymin>90</ymin>
            <xmax>988</xmax>
            <ymax>653</ymax>
        </bndbox>
    </object>
</annotation>