<annotation>
    <folder></folder>
    <filename>0050aac57b1dcc2c.jpg</filename>
    <path>C:\Users\deoli\Desktop\V7_export\data\0050aac57b1dcc2c.jpg</path>
    <source>
        <database></database>
    </source>
    <size>
        <width>1024</width>
        <height>439</height>
        <depth>3</depth>
    </size>
    <segmented></segmented>
    <object>
        <name>Bird</name>
        <IsTruncated>False</IsTruncated>
        <IsGroupOf>False</IsGroupOf>
        <IsOccluded>True</IsOccluded>
        <IsDepiction>False</IsDepiction>
        <IsInside>False</IsInside>
        <bndbox>
            <xmin>609</xmin>
            <ymin>255</ymin>
            <xmax>730</xmax>
            <ymax>331</ymax>
        </bndbox>
    </object>
</annotation>