<annotation>
    <folder></folder>
    <filename>005004ce0c2739a0.jpg</filename>
    <path>C:\Users\deoli\Desktop\V7_export\data\005004ce0c2739a0.jpg</path>
    <source>
        <database></database>
    </source>
    <size>
        <width>729</width>
        <height>1024</height>
        <depth>3</depth>
    </size>
    <segmented></segmented>
    <object>
        <name>Bird</name>
        <IsTruncated>False</IsTruncated>
        <IsGroupOf>False</IsGroupOf>
        <IsOccluded>False</IsOccluded>
        <IsDepiction>True</IsDepiction>
        <IsInside>False</IsInside>
        <bndbox>
            <xmin>158</xmin>
            <ymin>268</ymin>
            <xmax>506</xmax>
            <ymax>844</ymax>
        </bndbox>
    </object>
</annotation>