<annotation>
    <folder></folder>
    <filename>00515e0f9f9eb2d7.jpg</filename>
    <path>C:\Users\deoli\Desktop\V7_export\data\00515e0f9f9eb2d7.jpg</path>
    <source>
        <database></database>
    </source>
    <size>
        <width>1024</width>
        <height>678</height>
        <depth>1</depth>
    </size>
    <segmented></segmented>
    <object>
        <name>Dog</name>
        <IsTruncated>True</IsTruncated>
        <IsGroupOf>False</IsGroupOf>
        <IsOccluded>True</IsOccluded>
        <IsDepiction>False</IsDepiction>
        <IsInside>False</IsInside>
        <bndbox>
            <xmin>41</xmin>
            <ymin>0</ymin>
            <xmax>1023</xmax>
            <ymax>673</ymax>
        </bndbox>
    </object>
</annotation>