<annotation>
    <folder></folder>
    <filename>0052c66da4b1887b.jpg</filename>
    <path>C:\Users\deoli\Desktop\V7_export\data\0052c66da4b1887b.jpg</path>
    <source>
        <database></database>
    </source>
    <size>
        <width>1024</width>
        <height>547</height>
        <depth>1</depth>
    </size>
    <segmented></segmented>
    <object>
        <name>Airplane</name>
        <IsTruncated>True</IsTruncated>
        <IsGroupOf>False</IsGroupOf>
        <IsOccluded>True</IsOccluded>
        <IsDepiction>True</IsDepiction>
        <IsInside>False</IsInside>
        <bndbox>
            <xmin>0</xmin>
            <ymin>40</ymin>
            <xmax>1022</xmax>
            <ymax>314</ymax>
        </bndbox>
    </object>
</annotation>