<annotation>
    <folder></folder>
    <filename>005234ae49c89826.jpg</filename>
    <path>C:\Users\deoli\Desktop\V7_export\data\005234ae49c89826.jpg</path>
    <source>
        <database></database>
    </source>
    <size>
        <width>768</width>
        <height>1024</height>
        <depth>3</depth>
    </size>
    <segmented></segmented>
    <object>
        <name>Person</name>
        <IsTruncated>False</IsTruncated>
        <IsGroupOf>False</IsGroupOf>
        <IsOccluded>False</IsOccluded>
        <IsDepiction>False</IsDepiction>
        <IsInside>False</IsInside>
        <bndbox>
            <xmin>24</xmin>
            <ymin>222</ymin>
            <xmax>673</xmax>
            <ymax>1023</ymax>
        </bndbox>
    </object>
</annotation>