<annotation>
    <folder></folder>
    <filename>0053ff47e0235aff.jpg</filename>
    <path>C:\Users\deoli\Desktop\V7_export\data\0053ff47e0235aff.jpg</path>
    <source>
        <database></database>
    </source>
    <size>
        <width>1024</width>
        <height>585</height>
        <depth>3</depth>
    </size>
    <segmented></segmented>
    <object>
        <name>Boat</name>
        <IsTruncated>False</IsTruncated>
        <IsGroupOf>False</IsGroupOf>
        <IsOccluded>True</IsOccluded>
        <IsDepiction>True</IsDepiction>
        <IsInside>False</IsInside>
        <bndbox>
            <xmin>32</xmin>
            <ymin>62</ymin>
            <xmax>1020</xmax>
            <ymax>551</ymax>
        </bndbox>
    </object>
</annotation>