<annotation>
    <folder></folder>
    <filename>0053d6e88f36b7b3.jpg</filename>
    <path>C:\Users\deoli\Desktop\V7_export\data\0053d6e88f36b7b3.jpg</path>
    <source>
        <database></database>
    </source>
    <size>
        <width>681</width>
        <height>1024</height>
        <depth>3</depth>
    </size>
    <segmented></segmented>
    <object>
        <name>Dog</name>
        <IsTruncated>False</IsTruncated>
        <IsGroupOf>False</IsGroupOf>
        <IsOccluded>True</IsOccluded>
        <IsDepiction>False</IsDepiction>
        <IsInside>False</IsInside>
        <bndbox>
            <xmin>96</xmin>
            <ymin>308</ymin>
            <xmax>414</xmax>
            <ymax>1022</ymax>
        </bndbox>
    </object>
</annotation>