<annotation>
    <folder></folder>
    <filename>0053720154d1ea2d.jpg</filename>
    <path>C:\Users\deoli\Desktop\V7_export\data\0053720154d1ea2d.jpg</path>
    <source>
        <database></database>
    </source>
    <size>
        <width>1024</width>
        <height>637</height>
        <depth>3</depth>
    </size>
    <segmented></segmented>
    <object>
        <name>Airplane</name>
        <IsTruncated>False</IsTruncated>
        <IsGroupOf>False</IsGroupOf>
        <IsOccluded>False</IsOccluded>
        <IsDepiction>True</IsDepiction>
        <IsInside>False</IsInside>
        <bndbox>
            <xmin>315</xmin>
            <ymin>303</ymin>
            <xmax>766</xmax>
            <ymax>499</ymax>
        </bndbox>
    </object>
</annotation>