<annotation>
    <folder></folder>
    <filename>0053939eb128715f.jpg</filename>
    <path>C:\Users\deoli\Desktop\V7_export\data\0053939eb128715f.jpg</path>
    <source>
        <database></database>
    </source>
    <size>
        <width>1024</width>
        <height>767</height>
        <depth>3</depth>
    </size>
    <segmented></segmented>
    <object>
        <name>Boat</name>
        <IsTruncated>True</IsTruncated>
        <IsGroupOf>False</IsGroupOf>
        <IsOccluded>True</IsOccluded>
        <IsDepiction>False</IsDepiction>
        <IsInside>False</IsInside>
        <bndbox>
            <xmin>3</xmin>
            <ymin>5</ymin>
            <xmax>1023</xmax>
            <ymax>684</ymax>
        </bndbox>
    </object>
</annotation>