<annotation>
    <folder></folder>
    <filename>0053ca1211f0e2e4.jpg</filename>
    <path>C:\Users\deoli\Desktop\V7_export\data\0053ca1211f0e2e4.jpg</path>
    <source>
        <database></database>
    </source>
    <size>
        <width>1024</width>
        <height>782</height>
        <depth>3</depth>
    </size>
    <segmented></segmented>
    <object>
        <name>Dog</name>
        <IsTruncated>False</IsTruncated>
        <IsGroupOf>False</IsGroupOf>
        <IsOccluded>True</IsOccluded>
        <IsDepiction>True</IsDepiction>
        <IsInside>False</IsInside>
        <bndbox>
            <xmin>302</xmin>
            <ymin>466</ymin>
            <xmax>627</xmax>
            <ymax>647</ymax>
        </bndbox>
    </object>
</annotation>