<annotation>
    <folder></folder>
    <filename>005457d1ec6f884d.jpg</filename>
    <path>C:\Users\deoli\Desktop\V7_export\data\005457d1ec6f884d.jpg</path>
    <source>
        <database></database>
    </source>
    <size>
        <width>1024</width>
        <height>684</height>
        <depth>3</depth>
    </size>
    <segmented></segmented>
    <object>
        <name>Person</name>
        <IsTruncated>False</IsTruncated>
        <IsGroupOf>False</IsGroupOf>
        <IsOccluded>False</IsOccluded>
        <IsDepiction>False</IsDepiction>
        <IsInside>False</IsInside>
        <bndbox>
            <xmin>442</xmin>
            <ymin>252</ymin>
            <xmax>552</xmax>
            <ymax>404</ymax>
        </bndbox>
    </object>
</annotation>