<annotation>
    <folder></folder>
    <filename>005482dc62a0615b.jpg</filename>
    <path>C:\Users\deoli\Desktop\V7_export\data\005482dc62a0615b.jpg</path>
    <source>
        <database></database>
    </source>
    <size>
        <width>1024</width>
        <height>731</height>
        <depth>3</depth>
    </size>
    <segmented></segmented>
    <object>
        <name>Airplane</name>
        <IsTruncated>True</IsTruncated>
        <IsGroupOf>False</IsGroupOf>
        <IsOccluded>False</IsOccluded>
        <IsDepiction>False</IsDepiction>
        <IsInside>False</IsInside>
        <bndbox>
            <xmin>0</xmin>
            <ymin>42</ymin>
            <xmax>979</xmax>
            <ymax>730</ymax>
        </bndbox>
    </object>
</annotation>