<annotation>
    <folder></folder>
    <filename>00557250a2362437.jpg</filename>
    <path>C:\Users\deoli\Desktop\V7_export\data\00557250a2362437.jpg</path>
    <source>
        <database></database>
    </source>
    <size>
        <width>683</width>
        <height>1024</height>
        <depth>3</depth>
    </size>
    <segmented></segmented>
    <object>
        <name>Horse</name>
        <IsTruncated>False</IsTruncated>
        <IsGroupOf>False</IsGroupOf>
        <IsOccluded>True</IsOccluded>
        <IsDepiction>False</IsDepiction>
        <IsInside>False</IsInside>
        <bndbox>
            <xmin>256</xmin>
            <ymin>398</ymin>
            <xmax>465</xmax>
            <ymax>1023</ymax>
        </bndbox>
    </object>
</annotation>