<annotation>
    <folder></folder>
    <filename>00550f8f1b44bf08.jpg</filename>
    <path>C:\Users\deoli\Desktop\V7_export\data\00550f8f1b44bf08.jpg</path>
    <source>
        <database></database>
    </source>
    <size>
        <width>1024</width>
        <height>634</height>
        <depth>3</depth>
    </size>
    <segmented></segmented>
    <object>
        <name>Airplane</name>
        <IsTruncated>False</IsTruncated>
        <IsGroupOf>False</IsGroupOf>
        <IsOccluded>False</IsOccluded>
        <IsDepiction>False</IsDepiction>
        <IsInside>False</IsInside>
        <bndbox>
            <xmin>334</xmin>
            <ymin>222</ymin>
            <xmax>730</xmax>
            <ymax>388</ymax>
        </bndbox>
    </object>
</annotation>