<annotation>
    <folder></folder>
    <filename>00558ef5c7387376.jpg</filename>
    <path>C:\Users\deoli\Desktop\V7_export\data\00558ef5c7387376.jpg</path>
    <source>
        <database></database>
    </source>
    <size>
        <width>1024</width>
        <height>683</height>
        <depth>3</depth>
    </size>
    <segmented></segmented>
    <object>
        <name>Airplane</name>
        <IsTruncated>False</IsTruncated>
        <IsGroupOf>False</IsGroupOf>
        <IsOccluded>True</IsOccluded>
        <IsDepiction>False</IsDepiction>
        <IsInside>False</IsInside>
        <bndbox>
            <xmin>0</xmin>
            <ymin>112</ymin>
            <xmax>1023</xmax>
            <ymax>482</ymax>
        </bndbox>
    </object>
</annotation>