<annotation>
    <folder></folder>
    <filename>005635e119b9f32f.jpg</filename>
    <path>C:\Users\deoli\Desktop\V7_export\data\005635e119b9f32f.jpg</path>
    <source>
        <database></database>
    </source>
    <size>
        <width>1024</width>
        <height>667</height>
        <depth>1</depth>
    </size>
    <segmented></segmented>
    <object>
        <name>Airplane</name>
        <IsTruncated>False</IsTruncated>
        <IsGroupOf>False</IsGroupOf>
        <IsOccluded>False</IsOccluded>
        <IsDepiction>False</IsDepiction>
        <IsInside>False</IsInside>
        <bndbox>
            <xmin>39</xmin>
            <ymin>217</ymin>
            <xmax>906</xmax>
            <ymax>453</ymax>
        </bndbox>
    </object>
</annotation>