<annotation>
    <folder></folder>
    <filename>0056a237a203c83c.jpg</filename>
    <path>C:\Users\deoli\Desktop\V7_export\data\0056a237a203c83c.jpg</path>
    <source>
        <database></database>
    </source>
    <size>
        <width>1024</width>
        <height>767</height>
        <depth>3</depth>
    </size>
    <segmented></segmented>
    <object>
        <name>Dog</name>
        <IsTruncated>False</IsTruncated>
        <IsGroupOf>False</IsGroupOf>
        <IsOccluded>True</IsOccluded>
        <IsDepiction>False</IsDepiction>
        <IsInside>False</IsInside>
        <bndbox>
            <xmin>62</xmin>
            <ymin>27</ymin>
            <xmax>835</xmax>
            <ymax>690</ymax>
        </bndbox>
    </object>
</annotation>