<annotation>
    <folder></folder>
    <filename>0056a3b074480530.jpg</filename>
    <path>C:\Users\deoli\Desktop\V7_export\data\0056a3b074480530.jpg</path>
    <source>
        <database></database>
    </source>
    <size>
        <width>889</width>
        <height>1024</height>
        <depth>3</depth>
    </size>
    <segmented></segmented>
    <object>
        <name>Dog</name>
        <IsTruncated>True</IsTruncated>
        <IsGroupOf>False</IsGroupOf>
        <IsOccluded>False</IsOccluded>
        <IsDepiction>False</IsDepiction>
        <IsInside>False</IsInside>
        <bndbox>
            <xmin>1</xmin>
            <ymin>0</ymin>
            <xmax>888</xmax>
            <ymax>944</ymax>
        </bndbox>
    </object>
</annotation>