<annotation>
    <folder></folder>
    <filename>0056d20ce5e96795.jpg</filename>
    <path>C:\Users\deoli\Desktop\V7_export\data\0056d20ce5e96795.jpg</path>
    <source>
        <database></database>
    </source>
    <size>
        <width>1024</width>
        <height>635</height>
        <depth>3</depth>
    </size>
    <segmented></segmented>
    <object>
        <name>Boat</name>
        <IsTruncated>False</IsTruncated>
        <IsGroupOf>False</IsGroupOf>
        <IsOccluded>False</IsOccluded>
        <IsDepiction>False</IsDepiction>
        <IsInside>False</IsInside>
        <bndbox>
            <xmin>167</xmin>
            <ymin>242</ymin>
            <xmax>780</xmax>
            <ymax>477</ymax>
        </bndbox>
    </object>
</annotation>