<annotation>
    <folder></folder>
    <filename>00570e678ea794e1.jpg</filename>
    <path>C:\Users\deoli\Desktop\V7_export\data\00570e678ea794e1.jpg</path>
    <source>
        <database></database>
    </source>
    <size>
        <width>1024</width>
        <height>701</height>
        <depth>3</depth>
    </size>
    <segmented></segmented>
    <object>
        <name>Bird</name>
        <IsTruncated>False</IsTruncated>
        <IsGroupOf>False</IsGroupOf>
        <IsOccluded>False</IsOccluded>
        <IsDepiction>False</IsDepiction>
        <IsInside>False</IsInside>
        <bndbox>
            <xmin>271</xmin>
            <ymin>148</ymin>
            <xmax>919</xmax>
            <ymax>586</ymax>
        </bndbox>
    </object>
</annotation>