<annotation>
    <folder></folder>
    <filename>00570e9f0f6e1db1.jpg</filename>
    <path>C:\Users\deoli\Desktop\V7_export\data\00570e9f0f6e1db1.jpg</path>
    <source>
        <database></database>
    </source>
    <size>
        <width>1024</width>
        <height>768</height>
        <depth>3</depth>
    </size>
    <segmented></segmented>
    <object>
        <name>Bird</name>
        <IsTruncated>False</IsTruncated>
        <IsGroupOf>False</IsGroupOf>
        <IsOccluded>True</IsOccluded>
        <IsDepiction>False</IsDepiction>
        <IsInside>False</IsInside>
        <bndbox>
            <xmin>394</xmin>
            <ymin>250</ymin>
            <xmax>535</xmax>
            <ymax>620</ymax>
        </bndbox>
    </object>
</annotation>