<annotation>
    <folder></folder>
    <filename>00573b845abf9130.jpg</filename>
    <path>C:\Users\deoli\Desktop\V7_export\data\00573b845abf9130.jpg</path>
    <source>
        <database></database>
    </source>
    <size>
        <width>768</width>
        <height>1024</height>
        <depth>3</depth>
    </size>
    <segmented></segmented>
    <object>
        <name>Bird</name>
        <IsTruncated>False</IsTruncated>
        <IsGroupOf>False</IsGroupOf>
        <IsOccluded>True</IsOccluded>
        <IsDepiction>False</IsDepiction>
        <IsInside>False</IsInside>
        <bndbox>
            <xmin>339</xmin>
            <ymin>353</ymin>
            <xmax>609</xmax>
            <ymax>635</ymax>
        </bndbox>
    </object>
</annotation>