<annotation>
    <folder></folder>
    <filename>00588997f1da3a42.jpg</filename>
    <path>C:\Users\deoli\Desktop\V7_export\data\00588997f1da3a42.jpg</path>
    <source>
        <database></database>
    </source>
    <size>
        <width>1024</width>
        <height>680</height>
        <depth>1</depth>
    </size>
    <segmented></segmented>
    <object>
        <name>Boat</name>
        <IsTruncated>False</IsTruncated>
        <IsGroupOf>False</IsGroupOf>
        <IsOccluded>True</IsOccluded>
        <IsDepiction>False</IsDepiction>
        <IsInside>False</IsInside>
        <bndbox>
            <xmin>158</xmin>
            <ymin>111</ymin>
            <xmax>956</xmax>
            <ymax>579</ymax>
        </bndbox>
    </object>
</annotation>