<annotation>
    <folder></folder>
    <filename>00588fa162cede69.jpg</filename>
    <path>C:\Users\deoli\Desktop\V7_export\data\00588fa162cede69.jpg</path>
    <source>
        <database></database>
    </source>
    <size>
        <width>739</width>
        <height>1024</height>
        <depth>3</depth>
    </size>
    <segmented></segmented>
    <object>
        <name>Bird</name>
        <IsTruncated>False</IsTruncated>
        <IsGroupOf>False</IsGroupOf>
        <IsOccluded>False</IsOccluded>
        <IsDepiction>False</IsDepiction>
        <IsInside>False</IsInside>
        <bndbox>
            <xmin>117</xmin>
            <ymin>230</ymin>
            <xmax>623</xmax>
            <ymax>837</ymax>
        </bndbox>
    </object>
</annotation>