<annotation>
    <folder></folder>
    <filename>005833152f0be70c.jpg</filename>
    <path>C:\Users\deoli\Desktop\V7_export\data\005833152f0be70c.jpg</path>
    <source>
        <database></database>
    </source>
    <size>
        <width>1024</width>
        <height>683</height>
        <depth>3</depth>
    </size>
    <segmented></segmented>
    <object>
        <name>Airplane</name>
        <IsTruncated>False</IsTruncated>
        <IsGroupOf>False</IsGroupOf>
        <IsOccluded>False</IsOccluded>
        <IsDepiction>False</IsDepiction>
        <IsInside>False</IsInside>
        <bndbox>
            <xmin>403</xmin>
            <ymin>308</ymin>
            <xmax>519</xmax>
            <ymax>353</ymax>
        </bndbox>
    </object>
</annotation>