<annotation>
    <folder></folder>
    <filename>0058130f1215717d.jpg</filename>
    <path>C:\Users\deoli\Desktop\V7_export\data\0058130f1215717d.jpg</path>
    <source>
        <database></database>
    </source>
    <size>
        <width>1005</width>
        <height>1024</height>
        <depth>3</depth>
    </size>
    <segmented></segmented>
    <object>
        <name>Cat</name>
        <IsTruncated>True</IsTruncated>
        <IsGroupOf>False</IsGroupOf>
        <IsOccluded>False</IsOccluded>
        <IsDepiction>False</IsDepiction>
        <IsInside>False</IsInside>
        <bndbox>
            <xmin>71</xmin>
            <ymin>52</ymin>
            <xmax>951</xmax>
            <ymax>968</ymax>
        </bndbox>
    </object>
</annotation>