<annotation>
    <folder></folder>
    <filename>00584b3a4e064d09.jpg</filename>
    <path>C:\Users\deoli\Desktop\V7_export\data\00584b3a4e064d09.jpg</path>
    <source>
        <database></database>
    </source>
    <size>
        <width>655</width>
        <height>1024</height>
        <depth>3</depth>
    </size>
    <segmented></segmented>
    <object>
        <name>Bird</name>
        <IsTruncated>False</IsTruncated>
        <IsGroupOf>False</IsGroupOf>
        <IsOccluded>True</IsOccluded>
        <IsDepiction>True</IsDepiction>
        <IsInside>False</IsInside>
        <bndbox>
            <xmin>181</xmin>
            <ymin>154</ymin>
            <xmax>468</xmax>
            <ymax>794</ymax>
        </bndbox>
    </object>
</annotation>