<annotation>
    <folder></folder>
    <filename>005875ddc6af31f4.jpg</filename>
    <path>C:\Users\deoli\Desktop\V7_export\data\005875ddc6af31f4.jpg</path>
    <source>
        <database></database>
    </source>
    <size>
        <width>768</width>
        <height>1024</height>
        <depth>3</depth>
    </size>
    <segmented></segmented>
    <object>
        <name>Dog</name>
        <IsTruncated>False</IsTruncated>
        <IsGroupOf>False</IsGroupOf>
        <IsOccluded>True</IsOccluded>
        <IsDepiction>False</IsDepiction>
        <IsInside>False</IsInside>
        <bndbox>
            <xmin>51</xmin>
            <ymin>231</ymin>
            <xmax>678</xmax>
            <ymax>925</ymax>
        </bndbox>
    </object>
</annotation>