<annotation>
    <folder></folder>
    <filename>00590698e36371be.jpg</filename>
    <path>C:\Users\deoli\Desktop\V7_export\data\00590698e36371be.jpg</path>
    <source>
        <database></database>
    </source>
    <size>
        <width>1024</width>
        <height>685</height>
        <depth>3</depth>
    </size>
    <segmented></segmented>
    <object>
        <name>Cat</name>
        <IsTruncated>False</IsTruncated>
        <IsGroupOf>False</IsGroupOf>
        <IsOccluded>True</IsOccluded>
        <IsDepiction>False</IsDepiction>
        <IsInside>False</IsInside>
        <bndbox>
            <xmin>30</xmin>
            <ymin>189</ymin>
            <xmax>387</xmax>
            <ymax>470</ymax>
        </bndbox>
    </object>
</annotation>