<annotation>
    <folder></folder>
    <filename>0059ff2d54a9769e.jpg</filename>
    <path>C:\Users\deoli\Desktop\V7_export\data\0059ff2d54a9769e.jpg</path>
    <source>
        <database></database>
    </source>
    <size>
        <width>1024</width>
        <height>680</height>
        <depth>3</depth>
    </size>
    <segmented></segmented>
    <object>
        <name>Airplane</name>
        <IsTruncated>False</IsTruncated>
        <IsGroupOf>False</IsGroupOf>
        <IsOccluded>False</IsOccluded>
        <IsDepiction>False</IsDepiction>
        <IsInside>False</IsInside>
        <bndbox>
            <xmin>277</xmin>
            <ymin>265</ymin>
            <xmax>849</xmax>
            <ymax>505</ymax>
        </bndbox>
    </object>
</annotation>