<annotation>
    <folder></folder>
    <filename>005970d29c7a4adb.jpg</filename>
    <path>C:\Users\deoli\Desktop\V7_export\data\005970d29c7a4adb.jpg</path>
    <source>
        <database></database>
    </source>
    <size>
        <width>1024</width>
        <height>703</height>
        <depth>3</depth>
    </size>
    <segmented></segmented>
    <object>
        <name>Dog</name>
        <IsTruncated>False</IsTruncated>
        <IsGroupOf>False</IsGroupOf>
        <IsOccluded>True</IsOccluded>
        <IsDepiction>False</IsDepiction>
        <IsInside>False</IsInside>
        <bndbox>
            <xmin>224</xmin>
            <ymin>71</ymin>
            <xmax>629</xmax>
            <ymax>650</ymax>
        </bndbox>
    </object>
</annotation>