<annotation>
    <folder></folder>
    <filename>00591a37ae288764.jpg</filename>
    <path>C:\Users\deoli\Desktop\V7_export\data\00591a37ae288764.jpg</path>
    <source>
        <database></database>
    </source>
    <size>
        <width>1024</width>
        <height>682</height>
        <depth>3</depth>
    </size>
    <segmented></segmented>
    <object>
        <name>Bird</name>
        <IsTruncated>True</IsTruncated>
        <IsGroupOf>False</IsGroupOf>
        <IsOccluded>True</IsOccluded>
        <IsDepiction>False</IsDepiction>
        <IsInside>False</IsInside>
        <bndbox>
            <xmin>239</xmin>
            <ymin>0</ymin>
            <xmax>1023</xmax>
            <ymax>681</ymax>
        </bndbox>
    </object>
</annotation>