<annotation>
    <folder></folder>
    <filename>005a10148018d87e.jpg</filename>
    <path>C:\Users\deoli\Desktop\V7_export\data\005a10148018d87e.jpg</path>
    <source>
        <database></database>
    </source>
    <size>
        <width>1024</width>
        <height>668</height>
        <depth>3</depth>
    </size>
    <segmented></segmented>
    <object>
        <name>Train</name>
        <IsTruncated>False</IsTruncated>
        <IsGroupOf>False</IsGroupOf>
        <IsOccluded>True</IsOccluded>
        <IsDepiction>False</IsDepiction>
        <IsInside>False</IsInside>
        <bndbox>
            <xmin>19</xmin>
            <ymin>315</ymin>
            <xmax>935</xmax>
            <ymax>520</ymax>
        </bndbox>
    </object>
</annotation>