<annotation>
    <folder></folder>
    <filename>005af96ba8c3b4bd.jpg</filename>
    <path>C:\Users\deoli\Desktop\V7_export\data\005af96ba8c3b4bd.jpg</path>
    <source>
        <database></database>
    </source>
    <size>
        <width>1024</width>
        <height>683</height>
        <depth>3</depth>
    </size>
    <segmented></segmented>
    <object>
        <name>Bird</name>
        <IsTruncated>True</IsTruncated>
        <IsGroupOf>False</IsGroupOf>
        <IsOccluded>True</IsOccluded>
        <IsDepiction>False</IsDepiction>
        <IsInside>False</IsInside>
        <bndbox>
            <xmin>302</xmin>
            <ymin>0</ymin>
            <xmax>773</xmax>
            <ymax>546</ymax>
        </bndbox>
    </object>
</annotation>