<annotation>
    <folder></folder>
    <filename>005b64d7a7dd7db0.jpg</filename>
    <path>C:\Users\deoli\Desktop\V7_export\data\005b64d7a7dd7db0.jpg</path>
    <source>
        <database></database>
    </source>
    <size>
        <width>1024</width>
        <height>768</height>
        <depth>3</depth>
    </size>
    <segmented></segmented>
    <object>
        <name>Boat</name>
        <IsTruncated>False</IsTruncated>
        <IsGroupOf>False</IsGroupOf>
        <IsOccluded>False</IsOccluded>
        <IsDepiction>False</IsDepiction>
        <IsInside>False</IsInside>
        <bndbox>
            <xmin>186</xmin>
            <ymin>176</ymin>
            <xmax>780</xmax>
            <ymax>522</ymax>
        </bndbox>
    </object>
</annotation>