<annotation>
    <folder></folder>
    <filename>005be2cd0eba4fb7.jpg</filename>
    <path>C:\Users\deoli\Desktop\V7_export\data\005be2cd0eba4fb7.jpg</path>
    <source>
        <database></database>
    </source>
    <size>
        <width>722</width>
        <height>1024</height>
        <depth>3</depth>
    </size>
    <segmented></segmented>
    <object>
        <name>Airplane</name>
        <IsTruncated>True</IsTruncated>
        <IsGroupOf>False</IsGroupOf>
        <IsOccluded>False</IsOccluded>
        <IsDepiction>False</IsDepiction>
        <IsInside>False</IsInside>
        <bndbox>
            <xmin>313</xmin>
            <ymin>729</ymin>
            <xmax>720</xmax>
            <ymax>1022</ymax>
        </bndbox>
    </object>
</annotation>