<annotation>
    <folder></folder>
    <filename>005bf84ac699ba71.jpg</filename>
    <path>C:\Users\deoli\Desktop\V7_export\data\005bf84ac699ba71.jpg</path>
    <source>
        <database></database>
    </source>
    <size>
        <width>1018</width>
        <height>1024</height>
        <depth>3</depth>
    </size>
    <segmented></segmented>
    <object>
        <name>Cat</name>
        <IsTruncated>True</IsTruncated>
        <IsGroupOf>False</IsGroupOf>
        <IsOccluded>False</IsOccluded>
        <IsDepiction>False</IsDepiction>
        <IsInside>False</IsInside>
        <bndbox>
            <xmin>90</xmin>
            <ymin>52</ymin>
            <xmax>1016</xmax>
            <ymax>1022</ymax>
        </bndbox>
    </object>
</annotation>