<annotation>
    <folder></folder>
    <filename>005bb0181956e940.jpg</filename>
    <path>C:\Users\deoli\Desktop\V7_export\data\005bb0181956e940.jpg</path>
    <source>
        <database></database>
    </source>
    <size>
        <width>1024</width>
        <height>768</height>
        <depth>3</depth>
    </size>
    <segmented></segmented>
    <object>
        <name>Train</name>
        <IsTruncated>True</IsTruncated>
        <IsGroupOf>True</IsGroupOf>
        <IsOccluded>True</IsOccluded>
        <IsDepiction>True</IsDepiction>
        <IsInside>True</IsInside>
        <bndbox>
            <xmin>268</xmin>
            <ymin>170</ymin>
            <xmax>728</xmax>
            <ymax>627</ymax>
        </bndbox>
    </object>
</annotation>