<annotation>
    <folder></folder>
    <filename>005cb4539275e64e.jpg</filename>
    <path>C:\Users\deoli\Desktop\V7_export\data\005cb4539275e64e.jpg</path>
    <source>
        <database></database>
    </source>
    <size>
        <width>1024</width>
        <height>714</height>
        <depth>3</depth>
    </size>
    <segmented></segmented>
    <object>
        <name>Bird</name>
        <IsTruncated>False</IsTruncated>
        <IsGroupOf>False</IsGroupOf>
        <IsOccluded>False</IsOccluded>
        <IsDepiction>False</IsDepiction>
        <IsInside>False</IsInside>
        <bndbox>
            <xmin>333</xmin>
            <ymin>212</ymin>
            <xmax>872</xmax>
            <ymax>479</ymax>
        </bndbox>
    </object>
</annotation>