<annotation>
    <folder></folder>
    <filename>005cc4a66e481336.jpg</filename>
    <path>C:\Users\deoli\Desktop\V7_export\data\005cc4a66e481336.jpg</path>
    <source>
        <database></database>
    </source>
    <size>
        <width>1024</width>
        <height>945</height>
        <depth>3</depth>
    </size>
    <segmented></segmented>
    <object>
        <name>Bird</name>
        <IsTruncated>False</IsTruncated>
        <IsGroupOf>False</IsGroupOf>
        <IsOccluded>True</IsOccluded>
        <IsDepiction>False</IsDepiction>
        <IsInside>False</IsInside>
        <bndbox>
            <xmin>3</xmin>
            <ymin>92</ymin>
            <xmax>812</xmax>
            <ymax>886</ymax>
        </bndbox>
    </object>
</annotation>