<annotation>
    <folder></folder>
    <filename>005c16a91b8ad9f2.jpg</filename>
    <path>C:\Users\deoli\Desktop\V7_export\data\005c16a91b8ad9f2.jpg</path>
    <source>
        <database></database>
    </source>
    <size>
        <width>1024</width>
        <height>683</height>
        <depth>3</depth>
    </size>
    <segmented></segmented>
    <object>
        <name>Bird</name>
        <IsTruncated>False</IsTruncated>
        <IsGroupOf>False</IsGroupOf>
        <IsOccluded>True</IsOccluded>
        <IsDepiction>False</IsDepiction>
        <IsInside>False</IsInside>
        <bndbox>
            <xmin>414</xmin>
            <ymin>268</ymin>
            <xmax>597</xmax>
            <ymax>498</ymax>
        </bndbox>
    </object>
</annotation>