<annotation>
    <folder></folder>
    <filename>005d4a1ec6d9af26.jpg</filename>
    <path>C:\Users\deoli\Desktop\V7_export\data\005d4a1ec6d9af26.jpg</path>
    <source>
        <database></database>
    </source>
    <size>
        <width>1024</width>
        <height>1024</height>
        <depth>3</depth>
    </size>
    <segmented></segmented>
    <object>
        <name>Dog</name>
        <IsTruncated>False</IsTruncated>
        <IsGroupOf>False</IsGroupOf>
        <IsOccluded>True</IsOccluded>
        <IsDepiction>False</IsDepiction>
        <IsInside>False</IsInside>
        <bndbox>
            <xmin>202</xmin>
            <ymin>91</ymin>
            <xmax>808</xmax>
            <ymax>968</ymax>
        </bndbox>
    </object>
</annotation>