<annotation>
    <folder></folder>
    <filename>005e12ca5fa6e886.jpg</filename>
    <path>C:\Users\deoli\Desktop\V7_export\data\005e12ca5fa6e886.jpg</path>
    <source>
        <database></database>
    </source>
    <size>
        <width>1024</width>
        <height>683</height>
        <depth>3</depth>
    </size>
    <segmented></segmented>
    <object>
        <name>Dog</name>
        <IsTruncated>True</IsTruncated>
        <IsGroupOf>False</IsGroupOf>
        <IsOccluded>True</IsOccluded>
        <IsDepiction>False</IsDepiction>
        <IsInside>False</IsInside>
        <bndbox>
            <xmin>391</xmin>
            <ymin>199</ymin>
            <xmax>800</xmax>
            <ymax>682</ymax>
        </bndbox>
    </object>
</annotation>