<annotation>
    <folder></folder>
    <filename>005ee32ead922002.jpg</filename>
    <path>C:\Users\deoli\Desktop\V7_export\data\005ee32ead922002.jpg</path>
    <source>
        <database></database>
    </source>
    <size>
        <width>1024</width>
        <height>768</height>
        <depth>3</depth>
    </size>
    <segmented></segmented>
    <object>
        <name>Airplane</name>
        <IsTruncated>False</IsTruncated>
        <IsGroupOf>False</IsGroupOf>
        <IsOccluded>False</IsOccluded>
        <IsDepiction>False</IsDepiction>
        <IsInside>False</IsInside>
        <bndbox>
            <xmin>57</xmin>
            <ymin>174</ymin>
            <xmax>919</xmax>
            <ymax>705</ymax>
        </bndbox>
    </object>
</annotation>