<annotation>
    <folder></folder>
    <filename>005e061db776d530.jpg</filename>
    <path>C:\Users\deoli\Desktop\V7_export\data\005e061db776d530.jpg</path>
    <source>
        <database></database>
    </source>
    <size>
        <width>1024</width>
        <height>915</height>
        <depth>3</depth>
    </size>
    <segmented></segmented>
    <object>
        <name>Bird</name>
        <IsTruncated>True</IsTruncated>
        <IsGroupOf>False</IsGroupOf>
        <IsOccluded>True</IsOccluded>
        <IsDepiction>False</IsDepiction>
        <IsInside>False</IsInside>
        <bndbox>
            <xmin>184</xmin>
            <ymin>156</ymin>
            <xmax>1002</xmax>
            <ymax>895</ymax>
        </bndbox>
    </object>
</annotation>