<annotation>
    <folder></folder>
    <filename>005e6f83b2315a10.jpg</filename>
    <path>C:\Users\deoli\Desktop\V7_export\data\005e6f83b2315a10.jpg</path>
    <source>
        <database></database>
    </source>
    <size>
        <width>1024</width>
        <height>768</height>
        <depth>3</depth>
    </size>
    <segmented></segmented>
    <object>
        <name>Horse</name>
        <IsTruncated>False</IsTruncated>
        <IsGroupOf>False</IsGroupOf>
        <IsOccluded>False</IsOccluded>
        <IsDepiction>True</IsDepiction>
        <IsInside>False</IsInside>
        <bndbox>
            <xmin>165</xmin>
            <ymin>81</ymin>
            <xmax>860</xmax>
            <ymax>628</ymax>
        </bndbox>
    </object>
</annotation>