<annotation>
    <folder></folder>
    <filename>005e0e9fbf2a1fd1.jpg</filename>
    <path>C:\Users\deoli\Desktop\V7_export\data\005e0e9fbf2a1fd1.jpg</path>
    <source>
        <database></database>
    </source>
    <size>
        <width>1024</width>
        <height>768</height>
        <depth>3</depth>
    </size>
    <segmented></segmented>
    <object>
        <name>Train</name>
        <IsTruncated>False</IsTruncated>
        <IsGroupOf>False</IsGroupOf>
        <IsOccluded>True</IsOccluded>
        <IsDepiction>False</IsDepiction>
        <IsInside>False</IsInside>
        <bndbox>
            <xmin>433</xmin>
            <ymin>206</ymin>
            <xmax>901</xmax>
            <ymax>567</ymax>
        </bndbox>
    </object>
</annotation>