<annotation>
    <folder></folder>
    <filename>005f449bb4cfb8ff.jpg</filename>
    <path>C:\Users\deoli\Desktop\V7_export\data\005f449bb4cfb8ff.jpg</path>
    <source>
        <database></database>
    </source>
    <size>
        <width>1024</width>
        <height>768</height>
        <depth>3</depth>
    </size>
    <segmented></segmented>
    <object>
        <name>Cat</name>
        <IsTruncated>False</IsTruncated>
        <IsGroupOf>False</IsGroupOf>
        <IsOccluded>True</IsOccluded>
        <IsDepiction>False</IsDepiction>
        <IsInside>False</IsInside>
        <bndbox>
            <xmin>220</xmin>
            <ymin>235</ymin>
            <xmax>822</xmax>
            <ymax>763</ymax>
        </bndbox>
    </object>
</annotation>