<annotation>
    <folder></folder>
    <filename>005f4899fd5be1ef.jpg</filename>
    <path>C:\Users\deoli\Desktop\V7_export\data\005f4899fd5be1ef.jpg</path>
    <source>
        <database></database>
    </source>
    <size>
        <width>1024</width>
        <height>1024</height>
        <depth>3</depth>
    </size>
    <segmented></segmented>
    <object>
        <name>Cat</name>
        <IsTruncated>False</IsTruncated>
        <IsGroupOf>False</IsGroupOf>
        <IsOccluded>True</IsOccluded>
        <IsDepiction>False</IsDepiction>
        <IsInside>False</IsInside>
        <bndbox>
            <xmin>103</xmin>
            <ymin>409</ymin>
            <xmax>864</xmax>
            <ymax>884</ymax>
        </bndbox>
    </object>
</annotation>