<annotation>
    <folder></folder>
    <filename>005f2c30896831d1.jpg</filename>
    <path>C:\Users\deoli\Desktop\V7_export\data\005f2c30896831d1.jpg</path>
    <source>
        <database></database>
    </source>
    <size>
        <width>1024</width>
        <height>709</height>
        <depth>3</depth>
    </size>
    <segmented></segmented>
    <object>
        <name>Bird</name>
        <IsTruncated>False</IsTruncated>
        <IsGroupOf>False</IsGroupOf>
        <IsOccluded>True</IsOccluded>
        <IsDepiction>False</IsDepiction>
        <IsInside>False</IsInside>
        <bndbox>
            <xmin>473</xmin>
            <ymin>190</ymin>
            <xmax>753</xmax>
            <ymax>377</ymax>
        </bndbox>
    </object>
</annotation>