<annotation>
    <folder></folder>
    <filename>00604e768d3eb88c.jpg</filename>
    <path>C:\Users\deoli\Desktop\V7_export\data\00604e768d3eb88c.jpg</path>
    <source>
        <database></database>
    </source>
    <size>
        <width>1019</width>
        <height>1024</height>
        <depth>3</depth>
    </size>
    <segmented></segmented>
    <object>
        <name>Bird</name>
        <IsTruncated>False</IsTruncated>
        <IsGroupOf>False</IsGroupOf>
        <IsOccluded>False</IsOccluded>
        <IsDepiction>False</IsDepiction>
        <IsInside>False</IsInside>
        <bndbox>
            <xmin>269</xmin>
            <ymin>243</ymin>
            <xmax>848</xmax>
            <ymax>842</ymax>
        </bndbox>
    </object>
</annotation>