<annotation>
    <folder></folder>
    <filename>0060ce6bf31300be.jpg</filename>
    <path>C:\Users\deoli\Desktop\V7_export\data\0060ce6bf31300be.jpg</path>
    <source>
        <database></database>
    </source>
    <size>
        <width>1024</width>
        <height>685</height>
        <depth>3</depth>
    </size>
    <segmented></segmented>
    <object>
        <name>Bird</name>
        <IsTruncated>True</IsTruncated>
        <IsGroupOf>False</IsGroupOf>
        <IsOccluded>True</IsOccluded>
        <IsDepiction>False</IsDepiction>
        <IsInside>False</IsInside>
        <bndbox>
            <xmin>0</xmin>
            <ymin>101</ymin>
            <xmax>654</xmax>
            <ymax>684</ymax>
        </bndbox>
    </object>
</annotation>