<annotation>
    <folder></folder>
    <filename>006034300dfd760a.jpg</filename>
    <path>C:\Users\deoli\Desktop\V7_export\data\006034300dfd760a.jpg</path>
    <source>
        <database></database>
    </source>
    <size>
        <width>1024</width>
        <height>597</height>
        <depth>3</depth>
    </size>
    <segmented></segmented>
    <object>
        <name>Boat</name>
        <IsTruncated>False</IsTruncated>
        <IsGroupOf>False</IsGroupOf>
        <IsOccluded>False</IsOccluded>
        <IsDepiction>False</IsDepiction>
        <IsInside>False</IsInside>
        <bndbox>
            <xmin>12</xmin>
            <ymin>25</ymin>
            <xmax>1008</xmax>
            <ymax>563</ymax>
        </bndbox>
    </object>
</annotation>