<annotation>
    <folder></folder>
    <filename>0060d37863e2e094.jpg</filename>
    <path>C:\Users\deoli\Desktop\V7_export\data\0060d37863e2e094.jpg</path>
    <source>
        <database></database>
    </source>
    <size>
        <width>1024</width>
        <height>682</height>
        <depth>3</depth>
    </size>
    <segmented></segmented>
    <object>
        <name>Bird</name>
        <IsTruncated>False</IsTruncated>
        <IsGroupOf>False</IsGroupOf>
        <IsOccluded>False</IsOccluded>
        <IsDepiction>False</IsDepiction>
        <IsInside>False</IsInside>
        <bndbox>
            <xmin>56</xmin>
            <ymin>67</ymin>
            <xmax>700</xmax>
            <ymax>517</ymax>
        </bndbox>
    </object>
</annotation>