<annotation>
    <folder></folder>
    <filename>0060df8cae5d7ee1.jpg</filename>
    <path>C:\Users\deoli\Desktop\V7_export\data\0060df8cae5d7ee1.jpg</path>
    <source>
        <database></database>
    </source>
    <size>
        <width>1024</width>
        <height>679</height>
        <depth>3</depth>
    </size>
    <segmented></segmented>
    <object>
        <name>Bird</name>
        <IsTruncated>False</IsTruncated>
        <IsGroupOf>False</IsGroupOf>
        <IsOccluded>True</IsOccluded>
        <IsDepiction>False</IsDepiction>
        <IsInside>False</IsInside>
        <bndbox>
            <xmin>94</xmin>
            <ymin>122</ymin>
            <xmax>887</xmax>
            <ymax>481</ymax>
        </bndbox>
    </object>
</annotation>