<annotation>
    <folder></folder>
    <filename>0060b2fad4ef55d1.jpg</filename>
    <path>C:\Users\deoli\Desktop\V7_export\data\0060b2fad4ef55d1.jpg</path>
    <source>
        <database></database>
    </source>
    <size>
        <width>1024</width>
        <height>768</height>
        <depth>3</depth>
    </size>
    <segmented></segmented>
    <object>
        <name>Dog</name>
        <IsTruncated>False</IsTruncated>
        <IsGroupOf>False</IsGroupOf>
        <IsOccluded>False</IsOccluded>
        <IsDepiction>False</IsDepiction>
        <IsInside>False</IsInside>
        <bndbox>
            <xmin>149</xmin>
            <ymin>121</ymin>
            <xmax>744</xmax>
            <ymax>699</ymax>
        </bndbox>
    </object>
</annotation>