<annotation>
    <folder></folder>
    <filename>0061bd19c75a43ee.jpg</filename>
    <path>C:\Users\deoli\Desktop\V7_export\data\0061bd19c75a43ee.jpg</path>
    <source>
        <database></database>
    </source>
    <size>
        <width>1024</width>
        <height>689</height>
        <depth>3</depth>
    </size>
    <segmented></segmented>
    <object>
        <name>Train</name>
        <IsTruncated>False</IsTruncated>
        <IsGroupOf>False</IsGroupOf>
        <IsOccluded>False</IsOccluded>
        <IsDepiction>False</IsDepiction>
        <IsInside>False</IsInside>
        <bndbox>
            <xmin>258</xmin>
            <ymin>142</ymin>
            <xmax>686</xmax>
            <ymax>564</ymax>
        </bndbox>
    </object>
</annotation>