<annotation>
    <folder></folder>
    <filename>00611c5be2ecb69b.jpg</filename>
    <path>C:\Users\deoli\Desktop\V7_export\data\00611c5be2ecb69b.jpg</path>
    <source>
        <database></database>
    </source>
    <size>
        <width>681</width>
        <height>1024</height>
        <depth>3</depth>
    </size>
    <segmented></segmented>
    <object>
        <name>Cat</name>
        <IsTruncated>False</IsTruncated>
        <IsGroupOf>False</IsGroupOf>
        <IsOccluded>True</IsOccluded>
        <IsDepiction>False</IsDepiction>
        <IsInside>False</IsInside>
        <bndbox>
            <xmin>59</xmin>
            <ymin>325</ymin>
            <xmax>639</xmax>
            <ymax>915</ymax>
        </bndbox>
    </object>
</annotation>