<annotation>
    <folder></folder>
    <filename>00627b414a83375e.jpg</filename>
    <path>C:\Users\deoli\Desktop\V7_export\data\00627b414a83375e.jpg</path>
    <source>
        <database></database>
    </source>
    <size>
        <width>1011</width>
        <height>1024</height>
        <depth>3</depth>
    </size>
    <segmented></segmented>
    <object>
        <name>Dog</name>
        <IsTruncated>True</IsTruncated>
        <IsGroupOf>False</IsGroupOf>
        <IsOccluded>True</IsOccluded>
        <IsDepiction>False</IsDepiction>
        <IsInside>False</IsInside>
        <bndbox>
            <xmin>152</xmin>
            <ymin>65</ymin>
            <xmax>847</xmax>
            <ymax>1023</ymax>
        </bndbox>
    </object>
</annotation>