<annotation>
    <folder></folder>
    <filename>0063f473e6a877a8.jpg</filename>
    <path>C:\Users\deoli\Desktop\V7_export\data\0063f473e6a877a8.jpg</path>
    <source>
        <database></database>
    </source>
    <size>
        <width>1024</width>
        <height>685</height>
        <depth>3</depth>
    </size>
    <segmented></segmented>
    <object>
        <name>Person</name>
        <IsTruncated>False</IsTruncated>
        <IsGroupOf>False</IsGroupOf>
        <IsOccluded>False</IsOccluded>
        <IsDepiction>False</IsDepiction>
        <IsInside>False</IsInside>
        <bndbox>
            <xmin>282</xmin>
            <ymin>209</ymin>
            <xmax>640</xmax>
            <ymax>618</ymax>
        </bndbox>
    </object>
</annotation>