<annotation>
    <folder></folder>
    <filename>006306e1d7e4399b.jpg</filename>
    <path>C:\Users\deoli\Desktop\V7_export\data\006306e1d7e4399b.jpg</path>
    <source>
        <database></database>
    </source>
    <size>
        <width>1024</width>
        <height>616</height>
        <depth>3</depth>
    </size>
    <segmented></segmented>
    <object>
        <name>Dog</name>
        <IsTruncated>False</IsTruncated>
        <IsGroupOf>False</IsGroupOf>
        <IsOccluded>True</IsOccluded>
        <IsDepiction>False</IsDepiction>
        <IsInside>False</IsInside>
        <bndbox>
            <xmin>542</xmin>
            <ymin>211</ymin>
            <xmax>736</xmax>
            <ymax>439</ymax>
        </bndbox>
    </object>
</annotation>