<annotation>
    <folder></folder>
    <filename>0063521c68ee558d.jpg</filename>
    <path>C:\Users\deoli\Desktop\V7_export\data\0063521c68ee558d.jpg</path>
    <source>
        <database></database>
    </source>
    <size>
        <width>1024</width>
        <height>768</height>
        <depth>3</depth>
    </size>
    <segmented></segmented>
    <object>
        <name>Train</name>
        <IsTruncated>True</IsTruncated>
        <IsGroupOf>False</IsGroupOf>
        <IsOccluded>False</IsOccluded>
        <IsDepiction>False</IsDepiction>
        <IsInside>False</IsInside>
        <bndbox>
            <xmin>252</xmin>
            <ymin>1</ymin>
            <xmax>842</xmax>
            <ymax>761</ymax>
        </bndbox>
    </object>
</annotation>