<annotation>
    <folder></folder>
    <filename>0063ed17fd0a382f.jpg</filename>
    <path>C:\Users\deoli\Desktop\V7_export\data\0063ed17fd0a382f.jpg</path>
    <source>
        <database></database>
    </source>
    <size>
        <width>683</width>
        <height>1024</height>
        <depth>3</depth>
    </size>
    <segmented></segmented>
    <object>
        <name>Airplane</name>
        <IsTruncated>True</IsTruncated>
        <IsGroupOf>False</IsGroupOf>
        <IsOccluded>False</IsOccluded>
        <IsDepiction>False</IsDepiction>
        <IsInside>False</IsInside>
        <bndbox>
            <xmin>0</xmin>
            <ymin>33</ymin>
            <xmax>682</xmax>
            <ymax>1023</ymax>
        </bndbox>
    </object>
</annotation>