<annotation>
    <folder></folder>
    <filename>006340a8e001e025.jpg</filename>
    <path>C:\Users\deoli\Desktop\V7_export\data\006340a8e001e025.jpg</path>
    <source>
        <database></database>
    </source>
    <size>
        <width>491</width>
        <height>1024</height>
        <depth>3</depth>
    </size>
    <segmented></segmented>
    <object>
        <name>Airplane</name>
        <IsTruncated>False</IsTruncated>
        <IsGroupOf>False</IsGroupOf>
        <IsOccluded>False</IsOccluded>
        <IsDepiction>True</IsDepiction>
        <IsInside>False</IsInside>
        <bndbox>
            <xmin>21</xmin>
            <ymin>478</ymin>
            <xmax>465</xmax>
            <ymax>581</ymax>
        </bndbox>
    </object>
</annotation>