<annotation>
    <folder></folder>
    <filename>0063067d3165274d.jpg</filename>
    <path>C:\Users\deoli\Desktop\V7_export\data\0063067d3165274d.jpg</path>
    <source>
        <database></database>
    </source>
    <size>
        <width>1024</width>
        <height>738</height>
        <depth>3</depth>
    </size>
    <segmented></segmented>
    <object>
        <name>Boat</name>
        <IsTruncated>False</IsTruncated>
        <IsGroupOf>False</IsGroupOf>
        <IsOccluded>True</IsOccluded>
        <IsDepiction>True</IsDepiction>
        <IsInside>False</IsInside>
        <bndbox>
            <xmin>69</xmin>
            <ymin>285</ymin>
            <xmax>968</xmax>
            <ymax>610</ymax>
        </bndbox>
    </object>
</annotation>