<annotation>
    <folder></folder>
    <filename>0063dd98ce4d4596.jpg</filename>
    <path>C:\Users\deoli\Desktop\V7_export\data\0063dd98ce4d4596.jpg</path>
    <source>
        <database></database>
    </source>
    <size>
        <width>1024</width>
        <height>577</height>
        <depth>3</depth>
    </size>
    <segmented></segmented>
    <object>
        <name>Dog</name>
        <IsTruncated>False</IsTruncated>
        <IsGroupOf>False</IsGroupOf>
        <IsOccluded>True</IsOccluded>
        <IsDepiction>False</IsDepiction>
        <IsInside>False</IsInside>
        <bndbox>
            <xmin>7</xmin>
            <ymin>53</ymin>
            <xmax>780</xmax>
            <ymax>544</ymax>
        </bndbox>
    </object>
</annotation>