<annotation>
    <folder></folder>
    <filename>0063f91fbc5d3d0f.jpg</filename>
    <path>C:\Users\deoli\Desktop\V7_export\data\0063f91fbc5d3d0f.jpg</path>
    <source>
        <database></database>
    </source>
    <size>
        <width>1024</width>
        <height>767</height>
        <depth>1</depth>
    </size>
    <segmented></segmented>
    <object>
        <name>Person</name>
        <IsTruncated>False</IsTruncated>
        <IsGroupOf>False</IsGroupOf>
        <IsOccluded>False</IsOccluded>
        <IsDepiction>False</IsDepiction>
        <IsInside>False</IsInside>
        <bndbox>
            <xmin>570</xmin>
            <ymin>273</ymin>
            <xmax>684</xmax>
            <ymax>583</ymax>
        </bndbox>
    </object>
</annotation>