<annotation>
    <folder></folder>
    <filename>006389032535418b.jpg</filename>
    <path>C:\Users\deoli\Desktop\V7_export\data\006389032535418b.jpg</path>
    <source>
        <database></database>
    </source>
    <size>
        <width>1024</width>
        <height>671</height>
        <depth>3</depth>
    </size>
    <segmented></segmented>
    <object>
        <name>Train</name>
        <IsTruncated>False</IsTruncated>
        <IsGroupOf>False</IsGroupOf>
        <IsOccluded>True</IsOccluded>
        <IsDepiction>False</IsDepiction>
        <IsInside>False</IsInside>
        <bndbox>
            <xmin>156</xmin>
            <ymin>200</ymin>
            <xmax>828</xmax>
            <ymax>380</ymax>
        </bndbox>
    </object>
</annotation>