<annotation>
    <folder></folder>
    <filename>006461a46fcb5f37.jpg</filename>
    <path>C:\Users\deoli\Desktop\V7_export\data\006461a46fcb5f37.jpg</path>
    <source>
        <database></database>
    </source>
    <size>
        <width>1024</width>
        <height>768</height>
        <depth>3</depth>
    </size>
    <segmented></segmented>
    <object>
        <name>Cat</name>
        <IsTruncated>False</IsTruncated>
        <IsGroupOf>False</IsGroupOf>
        <IsOccluded>False</IsOccluded>
        <IsDepiction>False</IsDepiction>
        <IsInside>False</IsInside>
        <bndbox>
            <xmin>61</xmin>
            <ymin>197</ymin>
            <xmax>753</xmax>
            <ymax>508</ymax>
        </bndbox>
    </object>
</annotation>