<annotation>
    <folder></folder>
    <filename>006497b5275966a7.jpg</filename>
    <path>C:\Users\deoli\Desktop\V7_export\data\006497b5275966a7.jpg</path>
    <source>
        <database></database>
    </source>
    <size>
        <width>1024</width>
        <height>684</height>
        <depth>3</depth>
    </size>
    <segmented></segmented>
    <object>
        <name>Airplane</name>
        <IsTruncated>False</IsTruncated>
        <IsGroupOf>False</IsGroupOf>
        <IsOccluded>False</IsOccluded>
        <IsDepiction>False</IsDepiction>
        <IsInside>False</IsInside>
        <bndbox>
            <xmin>98</xmin>
            <ymin>192</ymin>
            <xmax>919</xmax>
            <ymax>486</ymax>
        </bndbox>
    </object>
</annotation>