<annotation>
    <folder></folder>
    <filename>0064cdb508a53429.jpg</filename>
    <path>C:\Users\deoli\Desktop\V7_export\data\0064cdb508a53429.jpg</path>
    <source>
        <database></database>
    </source>
    <size>
        <width>768</width>
        <height>1024</height>
        <depth>3</depth>
    </size>
    <segmented></segmented>
    <object>
        <name>Dog</name>
        <IsTruncated>True</IsTruncated>
        <IsGroupOf>False</IsGroupOf>
        <IsOccluded>True</IsOccluded>
        <IsDepiction>False</IsDepiction>
        <IsInside>False</IsInside>
        <bndbox>
            <xmin>0</xmin>
            <ymin>222</ymin>
            <xmax>381</xmax>
            <ymax>1023</ymax>
        </bndbox>
    </object>
</annotation>