<annotation>
    <folder></folder>
    <filename>00658dd329f19954.jpg</filename>
    <path>C:\Users\deoli\Desktop\V7_export\data\00658dd329f19954.jpg</path>
    <source>
        <database></database>
    </source>
    <size>
        <width>1024</width>
        <height>691</height>
        <depth>3</depth>
    </size>
    <segmented></segmented>
    <object>
        <name>Boat</name>
        <IsTruncated>False</IsTruncated>
        <IsGroupOf>False</IsGroupOf>
        <IsOccluded>True</IsOccluded>
        <IsDepiction>False</IsDepiction>
        <IsInside>False</IsInside>
        <bndbox>
            <xmin>260</xmin>
            <ymin>353</ymin>
            <xmax>639</xmax>
            <ymax>478</ymax>
        </bndbox>
    </object>
</annotation>