<annotation>
    <folder></folder>
    <filename>006579a947e00ec4.jpg</filename>
    <path>C:\Users\deoli\Desktop\V7_export\data\006579a947e00ec4.jpg</path>
    <source>
        <database></database>
    </source>
    <size>
        <width>1024</width>
        <height>617</height>
        <depth>3</depth>
    </size>
    <segmented></segmented>
    <object>
        <name>Bird</name>
        <IsTruncated>True</IsTruncated>
        <IsGroupOf>False</IsGroupOf>
        <IsOccluded>True</IsOccluded>
        <IsDepiction>False</IsDepiction>
        <IsInside>False</IsInside>
        <bndbox>
            <xmin>248</xmin>
            <ymin>57</ymin>
            <xmax>1022</xmax>
            <ymax>524</ymax>
        </bndbox>
    </object>
</annotation>