<annotation>
    <folder></folder>
    <filename>0065fba355053d06.jpg</filename>
    <path>C:\Users\deoli\Desktop\V7_export\data\0065fba355053d06.jpg</path>
    <source>
        <database></database>
    </source>
    <size>
        <width>1024</width>
        <height>768</height>
        <depth>3</depth>
    </size>
    <segmented></segmented>
    <object>
        <name>Boat</name>
        <IsTruncated>True</IsTruncated>
        <IsGroupOf>False</IsGroupOf>
        <IsOccluded>False</IsOccluded>
        <IsDepiction>False</IsDepiction>
        <IsInside>False</IsInside>
        <bndbox>
            <xmin>846</xmin>
            <ymin>426</ymin>
            <xmax>1023</xmax>
            <ymax>495</ymax>
        </bndbox>
    </object>
</annotation>