<annotation>
    <folder></folder>
    <filename>00652239a1aad225.jpg</filename>
    <path>C:\Users\deoli\Desktop\V7_export\data\00652239a1aad225.jpg</path>
    <source>
        <database></database>
    </source>
    <size>
        <width>1024</width>
        <height>672</height>
        <depth>3</depth>
    </size>
    <segmented></segmented>
    <object>
        <name>Bird</name>
        <IsTruncated>False</IsTruncated>
        <IsGroupOf>False</IsGroupOf>
        <IsOccluded>False</IsOccluded>
        <IsDepiction>False</IsDepiction>
        <IsInside>False</IsInside>
        <bndbox>
            <xmin>337</xmin>
            <ymin>285</ymin>
            <xmax>686</xmax>
            <ymax>446</ymax>
        </bndbox>
    </object>
</annotation>