<annotation>
    <folder></folder>
    <filename>0065be62d4066581.jpg</filename>
    <path>C:\Users\deoli\Desktop\V7_export\data\0065be62d4066581.jpg</path>
    <source>
        <database></database>
    </source>
    <size>
        <width>1024</width>
        <height>681</height>
        <depth>3</depth>
    </size>
    <segmented></segmented>
    <object>
        <name>Dog</name>
        <IsTruncated>True</IsTruncated>
        <IsGroupOf>False</IsGroupOf>
        <IsOccluded>True</IsOccluded>
        <IsDepiction>False</IsDepiction>
        <IsInside>False</IsInside>
        <bndbox>
            <xmin>81</xmin>
            <ymin>155</ymin>
            <xmax>901</xmax>
            <ymax>660</ymax>
        </bndbox>
    </object>
</annotation>