<annotation>
    <folder></folder>
    <filename>00654b8ee737631f.jpg</filename>
    <path>C:\Users\deoli\Desktop\V7_export\data\00654b8ee737631f.jpg</path>
    <source>
        <database></database>
    </source>
    <size>
        <width>1024</width>
        <height>575</height>
        <depth>3</depth>
    </size>
    <segmented></segmented>
    <object>
        <name>Boat</name>
        <IsTruncated>False</IsTruncated>
        <IsGroupOf>False</IsGroupOf>
        <IsOccluded>False</IsOccluded>
        <IsDepiction>False</IsDepiction>
        <IsInside>False</IsInside>
        <bndbox>
            <xmin>602</xmin>
            <ymin>363</ymin>
            <xmax>744</xmax>
            <ymax>379</ymax>
        </bndbox>
    </object>
</annotation>