<annotation>
    <folder></folder>
    <filename>0066746fd5b87850.jpg</filename>
    <path>C:\Users\deoli\Desktop\V7_export\data\0066746fd5b87850.jpg</path>
    <source>
        <database></database>
    </source>
    <size>
        <width>1024</width>
        <height>1024</height>
        <depth>3</depth>
    </size>
    <segmented></segmented>
    <object>
        <name>Train</name>
        <IsTruncated>True</IsTruncated>
        <IsGroupOf>True</IsGroupOf>
        <IsOccluded>True</IsOccluded>
        <IsDepiction>True</IsDepiction>
        <IsInside>True</IsInside>
        <bndbox>
            <xmin>85</xmin>
            <ymin>227</ymin>
            <xmax>787</xmax>
            <ymax>883</ymax>
        </bndbox>
    </object>
</annotation>