<annotation>
    <folder></folder>
    <filename>0066d1fe7e2a7cd6.jpg</filename>
    <path>C:\Users\deoli\Desktop\V7_export\data\0066d1fe7e2a7cd6.jpg</path>
    <source>
        <database></database>
    </source>
    <size>
        <width>1024</width>
        <height>768</height>
        <depth>3</depth>
    </size>
    <segmented></segmented>
    <object>
        <name>Train</name>
        <IsTruncated>False</IsTruncated>
        <IsGroupOf>False</IsGroupOf>
        <IsOccluded>True</IsOccluded>
        <IsDepiction>False</IsDepiction>
        <IsInside>False</IsInside>
        <bndbox>
            <xmin>491</xmin>
            <ymin>293</ymin>
            <xmax>796</xmax>
            <ymax>485</ymax>
        </bndbox>
    </object>
</annotation>