<annotation>
    <folder></folder>
    <filename>006683ddc728ebef.jpg</filename>
    <path>C:\Users\deoli\Desktop\V7_export\data\006683ddc728ebef.jpg</path>
    <source>
        <database></database>
    </source>
    <size>
        <width>1024</width>
        <height>685</height>
        <depth>3</depth>
    </size>
    <segmented></segmented>
    <object>
        <name>Boat</name>
        <IsTruncated>False</IsTruncated>
        <IsGroupOf>False</IsGroupOf>
        <IsOccluded>False</IsOccluded>
        <IsDepiction>False</IsDepiction>
        <IsInside>False</IsInside>
        <bndbox>
            <xmin>741</xmin>
            <ymin>182</ymin>
            <xmax>885</xmax>
            <ymax>421</ymax>
        </bndbox>
    </object>
</annotation>