<annotation>
    <folder></folder>
    <filename>0066590ad77f7871.jpg</filename>
    <path>C:\Users\deoli\Desktop\V7_export\data\0066590ad77f7871.jpg</path>
    <source>
        <database></database>
    </source>
    <size>
        <width>1024</width>
        <height>683</height>
        <depth>3</depth>
    </size>
    <segmented></segmented>
    <object>
        <name>Boat</name>
        <IsTruncated>False</IsTruncated>
        <IsGroupOf>False</IsGroupOf>
        <IsOccluded>False</IsOccluded>
        <IsDepiction>False</IsDepiction>
        <IsInside>False</IsInside>
        <bndbox>
            <xmin>82</xmin>
            <ymin>20</ymin>
            <xmax>372</xmax>
            <ymax>534</ymax>
        </bndbox>
    </object>
</annotation>