<annotation>
    <folder></folder>
    <filename>006635d01cd01646.jpg</filename>
    <path>C:\Users\deoli\Desktop\V7_export\data\006635d01cd01646.jpg</path>
    <source>
        <database></database>
    </source>
    <size>
        <width>1024</width>
        <height>768</height>
        <depth>3</depth>
    </size>
    <segmented></segmented>
    <object>
        <name>Dog</name>
        <IsTruncated>False</IsTruncated>
        <IsGroupOf>False</IsGroupOf>
        <IsOccluded>False</IsOccluded>
        <IsDepiction>False</IsDepiction>
        <IsInside>False</IsInside>
        <bndbox>
            <xmin>401</xmin>
            <ymin>220</ymin>
            <xmax>622</xmax>
            <ymax>483</ymax>
        </bndbox>
    </object>
</annotation>