<annotation>
    <folder></folder>
    <filename>00679e1683881fb0.jpg</filename>
    <path>C:\Users\deoli\Desktop\V7_export\data\00679e1683881fb0.jpg</path>
    <source>
        <database></database>
    </source>
    <size>
        <width>680</width>
        <height>1024</height>
        <depth>3</depth>
    </size>
    <segmented></segmented>
    <object>
        <name>Boat</name>
        <IsTruncated>True</IsTruncated>
        <IsGroupOf>False</IsGroupOf>
        <IsOccluded>True</IsOccluded>
        <IsDepiction>False</IsDepiction>
        <IsInside>False</IsInside>
        <bndbox>
            <xmin>19</xmin>
            <ymin>8</ymin>
            <xmax>679</xmax>
            <ymax>1023</ymax>
        </bndbox>
    </object>
</annotation>