<annotation>
    <folder></folder>
    <filename>0067f6b0c7539b5f.jpg</filename>
    <path>C:\Users\deoli\Desktop\V7_export\data\0067f6b0c7539b5f.jpg</path>
    <source>
        <database></database>
    </source>
    <size>
        <width>1024</width>
        <height>768</height>
        <depth>3</depth>
    </size>
    <segmented></segmented>
    <object>
        <name>Airplane</name>
        <IsTruncated>True</IsTruncated>
        <IsGroupOf>False</IsGroupOf>
        <IsOccluded>False</IsOccluded>
        <IsDepiction>False</IsDepiction>
        <IsInside>False</IsInside>
        <bndbox>
            <xmin>0</xmin>
            <ymin>0</ymin>
            <xmax>1023</xmax>
            <ymax>767</ymax>
        </bndbox>
    </object>
</annotation>