<annotation>
    <folder></folder>
    <filename>00671bd897e94251.jpg</filename>
    <path>C:\Users\deoli\Desktop\V7_export\data\00671bd897e94251.jpg</path>
    <source>
        <database></database>
    </source>
    <size>
        <width>1024</width>
        <height>768</height>
        <depth>3</depth>
    </size>
    <segmented></segmented>
    <object>
        <name>Boat</name>
        <IsTruncated>False</IsTruncated>
        <IsGroupOf>False</IsGroupOf>
        <IsOccluded>True</IsOccluded>
        <IsDepiction>False</IsDepiction>
        <IsInside>False</IsInside>
        <bndbox>
            <xmin>296</xmin>
            <ymin>220</ymin>
            <xmax>515</xmax>
            <ymax>432</ymax>
        </bndbox>
    </object>
</annotation>