<annotation>
    <folder></folder>
    <filename>0068f3f9c6129b15.jpg</filename>
    <path>C:\Users\deoli\Desktop\V7_export\data\0068f3f9c6129b15.jpg</path>
    <source>
        <database></database>
    </source>
    <size>
        <width>1024</width>
        <height>582</height>
        <depth>3</depth>
    </size>
    <segmented></segmented>
    <object>
        <name>Bird</name>
        <IsTruncated>False</IsTruncated>
        <IsGroupOf>False</IsGroupOf>
        <IsOccluded>True</IsOccluded>
        <IsDepiction>False</IsDepiction>
        <IsInside>False</IsInside>
        <bndbox>
            <xmin>305</xmin>
            <ymin>247</ymin>
            <xmax>645</xmax>
            <ymax>356</ymax>
        </bndbox>
    </object>
</annotation>