<annotation>
    <folder></folder>
    <filename>0068da5c222a1e14.jpg</filename>
    <path>C:\Users\deoli\Desktop\V7_export\data\0068da5c222a1e14.jpg</path>
    <source>
        <database></database>
    </source>
    <size>
        <width>1024</width>
        <height>768</height>
        <depth>3</depth>
    </size>
    <segmented></segmented>
    <object>
        <name>Boat</name>
        <IsTruncated>False</IsTruncated>
        <IsGroupOf>False</IsGroupOf>
        <IsOccluded>False</IsOccluded>
        <IsDepiction>False</IsDepiction>
        <IsInside>False</IsInside>
        <bndbox>
            <xmin>350</xmin>
            <ymin>2</ymin>
            <xmax>967</xmax>
            <ymax>661</ymax>
        </bndbox>
    </object>
</annotation>