<annotation>
    <folder></folder>
    <filename>00680491ee9a65d2.jpg</filename>
    <path>C:\Users\deoli\Desktop\V7_export\data\00680491ee9a65d2.jpg</path>
    <source>
        <database></database>
    </source>
    <size>
        <width>1024</width>
        <height>768</height>
        <depth>3</depth>
    </size>
    <segmented></segmented>
    <object>
        <name>Bird</name>
        <IsTruncated>False</IsTruncated>
        <IsGroupOf>False</IsGroupOf>
        <IsOccluded>False</IsOccluded>
        <IsDepiction>False</IsDepiction>
        <IsInside>False</IsInside>
        <bndbox>
            <xmin>602</xmin>
            <ymin>102</ymin>
            <xmax>674</xmax>
            <ymax>182</ymax>
        </bndbox>
    </object>
</annotation>