<annotation>
    <folder></folder>
    <filename>00691aaf24211434.jpg</filename>
    <path>C:\Users\deoli\Desktop\V7_export\data\00691aaf24211434.jpg</path>
    <source>
        <database></database>
    </source>
    <size>
        <width>1024</width>
        <height>1024</height>
        <depth>3</depth>
    </size>
    <segmented></segmented>
    <object>
        <name>Boat</name>
        <IsTruncated>False</IsTruncated>
        <IsGroupOf>False</IsGroupOf>
        <IsOccluded>True</IsOccluded>
        <IsDepiction>False</IsDepiction>
        <IsInside>False</IsInside>
        <bndbox>
            <xmin>390</xmin>
            <ymin>487</ymin>
            <xmax>470</xmax>
            <ymax>622</ymax>
        </bndbox>
    </object>
</annotation>