<annotation>
    <folder></folder>
    <filename>0069cfa2d7a619e0.jpg</filename>
    <path>C:\Users\deoli\Desktop\V7_export\data\0069cfa2d7a619e0.jpg</path>
    <source>
        <database></database>
    </source>
    <size>
        <width>1024</width>
        <height>768</height>
        <depth>3</depth>
    </size>
    <segmented></segmented>
    <object>
        <name>Dog</name>
        <IsTruncated>True</IsTruncated>
        <IsGroupOf>False</IsGroupOf>
        <IsOccluded>True</IsOccluded>
        <IsDepiction>False</IsDepiction>
        <IsInside>False</IsInside>
        <bndbox>
            <xmin>0</xmin>
            <ymin>142</ymin>
            <xmax>541</xmax>
            <ymax>766</ymax>
        </bndbox>
    </object>
</annotation>