<annotation>
    <folder></folder>
    <filename>0069e114bc08d71a.jpg</filename>
    <path>C:\Users\deoli\Desktop\V7_export\data\0069e114bc08d71a.jpg</path>
    <source>
        <database></database>
    </source>
    <size>
        <width>1024</width>
        <height>681</height>
        <depth>3</depth>
    </size>
    <segmented></segmented>
    <object>
        <name>Dog</name>
        <IsTruncated>False</IsTruncated>
        <IsGroupOf>False</IsGroupOf>
        <IsOccluded>True</IsOccluded>
        <IsDepiction>False</IsDepiction>
        <IsInside>False</IsInside>
        <bndbox>
            <xmin>390</xmin>
            <ymin>228</ymin>
            <xmax>670</xmax>
            <ymax>629</ymax>
        </bndbox>
    </object>
</annotation>