<annotation>
    <folder></folder>
    <filename>0069056dd142335d.jpg</filename>
    <path>C:\Users\deoli\Desktop\V7_export\data\0069056dd142335d.jpg</path>
    <source>
        <database></database>
    </source>
    <size>
        <width>879</width>
        <height>768</height>
        <depth>3</depth>
    </size>
    <segmented></segmented>
    <object>
        <name>Person</name>
        <IsTruncated>True</IsTruncated>
        <IsGroupOf>True</IsGroupOf>
        <IsOccluded>True</IsOccluded>
        <IsDepiction>False</IsDepiction>
        <IsInside>False</IsInside>
        <bndbox>
            <xmin>0</xmin>
            <ymin>0</ymin>
            <xmax>878</xmax>
            <ymax>767</ymax>
        </bndbox>
    </object>
</annotation>