<annotation>
    <folder></folder>
    <filename>006a44d55fa4677c.jpg</filename>
    <path>C:\Users\deoli\Desktop\V7_export\data\006a44d55fa4677c.jpg</path>
    <source>
        <database></database>
    </source>
    <size>
        <width>1024</width>
        <height>670</height>
        <depth>3</depth>
    </size>
    <segmented></segmented>
    <object>
        <name>Train</name>
        <IsTruncated>False</IsTruncated>
        <IsGroupOf>False</IsGroupOf>
        <IsOccluded>False</IsOccluded>
        <IsDepiction>False</IsDepiction>
        <IsInside>True</IsInside>
        <bndbox>
            <xmin>0</xmin>
            <ymin>0</ymin>
            <xmax>1023</xmax>
            <ymax>669</ymax>
        </bndbox>
    </object>
</annotation>