<annotation>
    <folder></folder>
    <filename>006b27554ee38194.jpg</filename>
    <path>C:\Users\deoli\Desktop\V7_export\data\006b27554ee38194.jpg</path>
    <source>
        <database></database>
    </source>
    <size>
        <width>1024</width>
        <height>681</height>
        <depth>3</depth>
    </size>
    <segmented></segmented>
    <object>
        <name>Dog</name>
        <IsTruncated>False</IsTruncated>
        <IsGroupOf>False</IsGroupOf>
        <IsOccluded>True</IsOccluded>
        <IsDepiction>False</IsDepiction>
        <IsInside>False</IsInside>
        <bndbox>
            <xmin>17</xmin>
            <ymin>240</ymin>
            <xmax>331</xmax>
            <ymax>576</ymax>
        </bndbox>
    </object>
</annotation>