<annotation>
    <folder></folder>
    <filename>006b6bdec2e7240b.jpg</filename>
    <path>C:\Users\deoli\Desktop\V7_export\data\006b6bdec2e7240b.jpg</path>
    <source>
        <database></database>
    </source>
    <size>
        <width>1024</width>
        <height>680</height>
        <depth>3</depth>
    </size>
    <segmented></segmented>
    <object>
        <name>Bus</name>
        <IsTruncated>False</IsTruncated>
        <IsGroupOf>False</IsGroupOf>
        <IsOccluded>False</IsOccluded>
        <IsDepiction>False</IsDepiction>
        <IsInside>False</IsInside>
        <bndbox>
            <xmin>131</xmin>
            <ymin>195</ymin>
            <xmax>951</xmax>
            <ymax>591</ymax>
        </bndbox>
    </object>
</annotation>