<annotation>
    <folder></folder>
    <filename>006b53fff1573500.jpg</filename>
    <path>C:\Users\deoli\Desktop\V7_export\data\006b53fff1573500.jpg</path>
    <source>
        <database></database>
    </source>
    <size>
        <width>814</width>
        <height>1024</height>
        <depth>3</depth>
    </size>
    <segmented></segmented>
    <object>
        <name>Cat</name>
        <IsTruncated>True</IsTruncated>
        <IsGroupOf>False</IsGroupOf>
        <IsOccluded>True</IsOccluded>
        <IsDepiction>False</IsDepiction>
        <IsInside>False</IsInside>
        <bndbox>
            <xmin>88</xmin>
            <ymin>448</ymin>
            <xmax>813</xmax>
            <ymax>969</ymax>
        </bndbox>
    </object>
</annotation>