<annotation>
    <folder></folder>
    <filename>006b88481e566fdf.jpg</filename>
    <path>C:\Users\deoli\Desktop\V7_export\data\006b88481e566fdf.jpg</path>
    <source>
        <database></database>
    </source>
    <size>
        <width>1024</width>
        <height>768</height>
        <depth>3</depth>
    </size>
    <segmented></segmented>
    <object>
        <name>Bird</name>
        <IsTruncated>False</IsTruncated>
        <IsGroupOf>False</IsGroupOf>
        <IsOccluded>True</IsOccluded>
        <IsDepiction>True</IsDepiction>
        <IsInside>False</IsInside>
        <bndbox>
            <xmin>737</xmin>
            <ymin>71</ymin>
            <xmax>926</xmax>
            <ymax>235</ymax>
        </bndbox>
    </object>
</annotation>