<annotation>
    <folder></folder>
    <filename>006c8f923dbaef08.jpg</filename>
    <path>C:\Users\deoli\Desktop\V7_export\data\006c8f923dbaef08.jpg</path>
    <source>
        <database></database>
    </source>
    <size>
        <width>759</width>
        <height>1024</height>
        <depth>3</depth>
    </size>
    <segmented></segmented>
    <object>
        <name>Bird</name>
        <IsTruncated>False</IsTruncated>
        <IsGroupOf>False</IsGroupOf>
        <IsOccluded>False</IsOccluded>
        <IsDepiction>False</IsDepiction>
        <IsInside>False</IsInside>
        <bndbox>
            <xmin>153</xmin>
            <ymin>129</ymin>
            <xmax>686</xmax>
            <ymax>658</ymax>
        </bndbox>
    </object>
</annotation>