<annotation>
    <folder></folder>
    <filename>006ce62a72df4dd4.jpg</filename>
    <path>C:\Users\deoli\Desktop\V7_export\data\006ce62a72df4dd4.jpg</path>
    <source>
        <database></database>
    </source>
    <size>
        <width>1024</width>
        <height>768</height>
        <depth>3</depth>
    </size>
    <segmented></segmented>
    <object>
        <name>Bird</name>
        <IsTruncated>False</IsTruncated>
        <IsGroupOf>False</IsGroupOf>
        <IsOccluded>True</IsOccluded>
        <IsDepiction>False</IsDepiction>
        <IsInside>False</IsInside>
        <bndbox>
            <xmin>466</xmin>
            <ymin>352</ymin>
            <xmax>482</xmax>
            <ymax>363</ymax>
        </bndbox>
    </object>
</annotation>