<annotation>
    <folder></folder>
    <filename>006caf3ab4d3fd5d.jpg</filename>
    <path>C:\Users\deoli\Desktop\V7_export\data\006caf3ab4d3fd5d.jpg</path>
    <source>
        <database></database>
    </source>
    <size>
        <width>1024</width>
        <height>768</height>
        <depth>3</depth>
    </size>
    <segmented></segmented>
    <object>
        <name>Dog</name>
        <IsTruncated>False</IsTruncated>
        <IsGroupOf>False</IsGroupOf>
        <IsOccluded>True</IsOccluded>
        <IsDepiction>False</IsDepiction>
        <IsInside>False</IsInside>
        <bndbox>
            <xmin>418</xmin>
            <ymin>326</ymin>
            <xmax>779</xmax>
            <ymax>655</ymax>
        </bndbox>
    </object>
</annotation>