<annotation>
    <folder></folder>
    <filename>006cc200c3868ca7.jpg</filename>
    <path>C:\Users\deoli\Desktop\V7_export\data\006cc200c3868ca7.jpg</path>
    <source>
        <database></database>
    </source>
    <size>
        <width>1024</width>
        <height>768</height>
        <depth>3</depth>
    </size>
    <segmented></segmented>
    <object>
        <name>Bird</name>
        <IsTruncated>True</IsTruncated>
        <IsGroupOf>False</IsGroupOf>
        <IsOccluded>True</IsOccluded>
        <IsDepiction>False</IsDepiction>
        <IsInside>False</IsInside>
        <bndbox>
            <xmin>83</xmin>
            <ymin>159</ymin>
            <xmax>759</xmax>
            <ymax>767</ymax>
        </bndbox>
    </object>
</annotation>