<annotation>
    <folder></folder>
    <filename>006c528316553ddd.jpg</filename>
    <path>C:\Users\deoli\Desktop\V7_export\data\006c528316553ddd.jpg</path>
    <source>
        <database></database>
    </source>
    <size>
        <width>1024</width>
        <height>704</height>
        <depth>3</depth>
    </size>
    <segmented></segmented>
    <object>
        <name>Cat</name>
        <IsTruncated>False</IsTruncated>
        <IsGroupOf>False</IsGroupOf>
        <IsOccluded>False</IsOccluded>
        <IsDepiction>False</IsDepiction>
        <IsInside>False</IsInside>
        <bndbox>
            <xmin>25</xmin>
            <ymin>40</ymin>
            <xmax>863</xmax>
            <ymax>490</ymax>
        </bndbox>
    </object>
</annotation>