<annotation>
    <folder></folder>
    <filename>006c202565d8397f.jpg</filename>
    <path>C:\Users\deoli\Desktop\V7_export\data\006c202565d8397f.jpg</path>
    <source>
        <database></database>
    </source>
    <size>
        <width>1024</width>
        <height>683</height>
        <depth>3</depth>
    </size>
    <segmented></segmented>
    <object>
        <name>Airplane</name>
        <IsTruncated>True</IsTruncated>
        <IsGroupOf>False</IsGroupOf>
        <IsOccluded>False</IsOccluded>
        <IsDepiction>False</IsDepiction>
        <IsInside>False</IsInside>
        <bndbox>
            <xmin>230</xmin>
            <ymin>0</ymin>
            <xmax>835</xmax>
            <ymax>582</ymax>
        </bndbox>
    </object>
</annotation>