<annotation>
    <folder></folder>
    <filename>006d7b7a4c4dbda5.jpg</filename>
    <path>C:\Users\deoli\Desktop\V7_export\data\006d7b7a4c4dbda5.jpg</path>
    <source>
        <database></database>
    </source>
    <size>
        <width>1024</width>
        <height>636</height>
        <depth>3</depth>
    </size>
    <segmented></segmented>
    <object>
        <name>Bird</name>
        <IsTruncated>False</IsTruncated>
        <IsGroupOf>False</IsGroupOf>
        <IsOccluded>True</IsOccluded>
        <IsDepiction>False</IsDepiction>
        <IsInside>False</IsInside>
        <bndbox>
            <xmin>304</xmin>
            <ymin>229</ymin>
            <xmax>634</xmax>
            <ymax>502</ymax>
        </bndbox>
    </object>
</annotation>