<annotation>
    <folder></folder>
    <filename>006d76d444cdd57a.jpg</filename>
    <path>C:\Users\deoli\Desktop\V7_export\data\006d76d444cdd57a.jpg</path>
    <source>
        <database></database>
    </source>
    <size>
        <width>1024</width>
        <height>710</height>
        <depth>3</depth>
    </size>
    <segmented></segmented>
    <object>
        <name>Bird</name>
        <IsTruncated>False</IsTruncated>
        <IsGroupOf>False</IsGroupOf>
        <IsOccluded>True</IsOccluded>
        <IsDepiction>False</IsDepiction>
        <IsInside>False</IsInside>
        <bndbox>
            <xmin>325</xmin>
            <ymin>143</ymin>
            <xmax>723</xmax>
            <ymax>558</ymax>
        </bndbox>
    </object>
</annotation>