<annotation>
    <folder></folder>
    <filename>006dd3ff9b53c55d.jpg</filename>
    <path>C:\Users\deoli\Desktop\V7_export\data\006dd3ff9b53c55d.jpg</path>
    <source>
        <database></database>
    </source>
    <size>
        <width>1024</width>
        <height>687</height>
        <depth>3</depth>
    </size>
    <segmented></segmented>
    <object>
        <name>Boat</name>
        <IsTruncated>True</IsTruncated>
        <IsGroupOf>False</IsGroupOf>
        <IsOccluded>False</IsOccluded>
        <IsDepiction>False</IsDepiction>
        <IsInside>False</IsInside>
        <bndbox>
            <xmin>0</xmin>
            <ymin>40</ymin>
            <xmax>766</xmax>
            <ymax>473</ymax>
        </bndbox>
    </object>
</annotation>