<annotation>
    <folder></folder>
    <filename>006ffd32336622f2.jpg</filename>
    <path>C:\Users\deoli\Desktop\V7_export\data\006ffd32336622f2.jpg</path>
    <source>
        <database></database>
    </source>
    <size>
        <width>661</width>
        <height>1024</height>
        <depth>3</depth>
    </size>
    <segmented></segmented>
    <object>
        <name>Bird</name>
        <IsTruncated>False</IsTruncated>
        <IsGroupOf>False</IsGroupOf>
        <IsOccluded>False</IsOccluded>
        <IsDepiction>False</IsDepiction>
        <IsInside>False</IsInside>
        <bndbox>
            <xmin>87</xmin>
            <ymin>243</ymin>
            <xmax>540</xmax>
            <ymax>856</ymax>
        </bndbox>
    </object>
</annotation>