<annotation>
    <folder></folder>
    <filename>006fc9bf8cc5bb72.jpg</filename>
    <path>C:\Users\deoli\Desktop\V7_export\data\006fc9bf8cc5bb72.jpg</path>
    <source>
        <database></database>
    </source>
    <size>
        <width>1024</width>
        <height>576</height>
        <depth>3</depth>
    </size>
    <segmented></segmented>
    <object>
        <name>Dog</name>
        <IsTruncated>True</IsTruncated>
        <IsGroupOf>False</IsGroupOf>
        <IsOccluded>True</IsOccluded>
        <IsDepiction>False</IsDepiction>
        <IsInside>False</IsInside>
        <bndbox>
            <xmin>106</xmin>
            <ymin>0</ymin>
            <xmax>844</xmax>
            <ymax>575</ymax>
        </bndbox>
    </object>
</annotation>