<annotation>
    <folder></folder>
    <filename>006f6769070fc876.jpg</filename>
    <path>C:\Users\deoli\Desktop\V7_export\data\006f6769070fc876.jpg</path>
    <source>
        <database></database>
    </source>
    <size>
        <width>1024</width>
        <height>768</height>
        <depth>3</depth>
    </size>
    <segmented></segmented>
    <object>
        <name>Bird</name>
        <IsTruncated>False</IsTruncated>
        <IsGroupOf>False</IsGroupOf>
        <IsOccluded>False</IsOccluded>
        <IsDepiction>False</IsDepiction>
        <IsInside>False</IsInside>
        <bndbox>
            <xmin>129</xmin>
            <ymin>63</ymin>
            <xmax>1022</xmax>
            <ymax>767</ymax>
        </bndbox>
    </object>
</annotation>