<annotation>
    <folder></folder>
    <filename>007047276a2e9be1.jpg</filename>
    <path>C:\Users\deoli\Desktop\V7_export\data\007047276a2e9be1.jpg</path>
    <source>
        <database></database>
    </source>
    <size>
        <width>1024</width>
        <height>674</height>
        <depth>3</depth>
    </size>
    <segmented></segmented>
    <object>
        <name>Dog</name>
        <IsTruncated>False</IsTruncated>
        <IsGroupOf>False</IsGroupOf>
        <IsOccluded>False</IsOccluded>
        <IsDepiction>False</IsDepiction>
        <IsInside>False</IsInside>
        <bndbox>
            <xmin>295</xmin>
            <ymin>51</ymin>
            <xmax>772</xmax>
            <ymax>624</ymax>
        </bndbox>
    </object>
</annotation>