<annotation>
    <folder></folder>
    <filename>00708203fbdf8135.jpg</filename>
    <path>C:\Users\deoli\Desktop\V7_export\data\00708203fbdf8135.jpg</path>
    <source>
        <database></database>
    </source>
    <size>
        <width>1024</width>
        <height>745</height>
        <depth>3</depth>
    </size>
    <segmented></segmented>
    <object>
        <name>Airplane</name>
        <IsTruncated>False</IsTruncated>
        <IsGroupOf>False</IsGroupOf>
        <IsOccluded>True</IsOccluded>
        <IsDepiction>False</IsDepiction>
        <IsInside>False</IsInside>
        <bndbox>
            <xmin>446</xmin>
            <ymin>168</ymin>
            <xmax>881</xmax>
            <ymax>357</ymax>
        </bndbox>
    </object>
</annotation>