<annotation>
    <folder></folder>
    <filename>00703988ba97cc5b.jpg</filename>
    <path>C:\Users\deoli\Desktop\V7_export\data\00703988ba97cc5b.jpg</path>
    <source>
        <database></database>
    </source>
    <size>
        <width>1024</width>
        <height>683</height>
        <depth>3</depth>
    </size>
    <segmented></segmented>
    <object>
        <name>Horse</name>
        <IsTruncated>False</IsTruncated>
        <IsGroupOf>False</IsGroupOf>
        <IsOccluded>False</IsOccluded>
        <IsDepiction>False</IsDepiction>
        <IsInside>False</IsInside>
        <bndbox>
            <xmin>119</xmin>
            <ymin>183</ymin>
            <xmax>299</xmax>
            <ymax>568</ymax>
        </bndbox>
    </object>
</annotation>