<annotation>
    <folder></folder>
    <filename>00711a2c1d8a60c8.jpg</filename>
    <path>C:\Users\deoli\Desktop\V7_export\data\00711a2c1d8a60c8.jpg</path>
    <source>
        <database></database>
    </source>
    <size>
        <width>1024</width>
        <height>683</height>
        <depth>3</depth>
    </size>
    <segmented></segmented>
    <object>
        <name>Dog</name>
        <IsTruncated>False</IsTruncated>
        <IsGroupOf>False</IsGroupOf>
        <IsOccluded>True</IsOccluded>
        <IsDepiction>False</IsDepiction>
        <IsInside>False</IsInside>
        <bndbox>
            <xmin>257</xmin>
            <ymin>258</ymin>
            <xmax>724</xmax>
            <ymax>447</ymax>
        </bndbox>
    </object>
</annotation>