<annotation>
    <folder></folder>
    <filename>0071dcd83ec7f9e2.jpg</filename>
    <path>C:\Users\deoli\Desktop\V7_export\data\0071dcd83ec7f9e2.jpg</path>
    <source>
        <database></database>
    </source>
    <size>
        <width>1024</width>
        <height>680</height>
        <depth>3</depth>
    </size>
    <segmented></segmented>
    <object>
        <name>Train</name>
        <IsTruncated>False</IsTruncated>
        <IsGroupOf>False</IsGroupOf>
        <IsOccluded>False</IsOccluded>
        <IsDepiction>False</IsDepiction>
        <IsInside>False</IsInside>
        <bndbox>
            <xmin>135</xmin>
            <ymin>136</ymin>
            <xmax>462</xmax>
            <ymax>538</ymax>
        </bndbox>
    </object>
</annotation>