<annotation>
    <folder></folder>
    <filename>0071dc160f9ec54b.jpg</filename>
    <path>C:\Users\deoli\Desktop\V7_export\data\0071dc160f9ec54b.jpg</path>
    <source>
        <database></database>
    </source>
    <size>
        <width>1024</width>
        <height>682</height>
        <depth>3</depth>
    </size>
    <segmented></segmented>
    <object>
        <name>Boat</name>
        <IsTruncated>True</IsTruncated>
        <IsGroupOf>False</IsGroupOf>
        <IsOccluded>False</IsOccluded>
        <IsDepiction>False</IsDepiction>
        <IsInside>False</IsInside>
        <bndbox>
            <xmin>362</xmin>
            <ymin>157</ymin>
            <xmax>1023</xmax>
            <ymax>681</ymax>
        </bndbox>
    </object>
</annotation>