<annotation>
    <folder></folder>
    <filename>00719478fe5bb3f9.jpg</filename>
    <path>C:\Users\deoli\Desktop\V7_export\data\00719478fe5bb3f9.jpg</path>
    <source>
        <database></database>
    </source>
    <size>
        <width>1024</width>
        <height>679</height>
        <depth>3</depth>
    </size>
    <segmented></segmented>
    <object>
        <name>Train</name>
        <IsTruncated>False</IsTruncated>
        <IsGroupOf>False</IsGroupOf>
        <IsOccluded>True</IsOccluded>
        <IsDepiction>False</IsDepiction>
        <IsInside>False</IsInside>
        <bndbox>
            <xmin>334</xmin>
            <ymin>18</ymin>
            <xmax>965</xmax>
            <ymax>588</ymax>
        </bndbox>
    </object>
</annotation>