<annotation>
    <folder></folder>
    <filename>007117f88c62282e.jpg</filename>
    <path>C:\Users\deoli\Desktop\V7_export\data\007117f88c62282e.jpg</path>
    <source>
        <database></database>
    </source>
    <size>
        <width>1024</width>
        <height>768</height>
        <depth>3</depth>
    </size>
    <segmented></segmented>
    <object>
        <name>Dog</name>
        <IsTruncated>False</IsTruncated>
        <IsGroupOf>False</IsGroupOf>
        <IsOccluded>True</IsOccluded>
        <IsDepiction>False</IsDepiction>
        <IsInside>False</IsInside>
        <bndbox>
            <xmin>450</xmin>
            <ymin>46</ymin>
            <xmax>682</xmax>
            <ymax>729</ymax>
        </bndbox>
    </object>
</annotation>