<annotation>
    <folder></folder>
    <filename>00717cbab483b655.jpg</filename>
    <path>C:\Users\deoli\Desktop\V7_export\data\00717cbab483b655.jpg</path>
    <source>
        <database></database>
    </source>
    <size>
        <width>1024</width>
        <height>1010</height>
        <depth>1</depth>
    </size>
    <segmented></segmented>
    <object>
        <name>Cat</name>
        <IsTruncated>True</IsTruncated>
        <IsGroupOf>False</IsGroupOf>
        <IsOccluded>False</IsOccluded>
        <IsDepiction>False</IsDepiction>
        <IsInside>False</IsInside>
        <bndbox>
            <xmin>0</xmin>
            <ymin>0</ymin>
            <xmax>1022</xmax>
            <ymax>1008</ymax>
        </bndbox>
    </object>
</annotation>