<annotation>
    <folder></folder>
    <filename>007218056c621aaf.jpg</filename>
    <path>C:\Users\deoli\Desktop\V7_export\data\007218056c621aaf.jpg</path>
    <source>
        <database></database>
    </source>
    <size>
        <width>1024</width>
        <height>768</height>
        <depth>3</depth>
    </size>
    <segmented></segmented>
    <object>
        <name>Bird</name>
        <IsTruncated>False</IsTruncated>
        <IsGroupOf>False</IsGroupOf>
        <IsOccluded>False</IsOccluded>
        <IsDepiction>False</IsDepiction>
        <IsInside>False</IsInside>
        <bndbox>
            <xmin>401</xmin>
            <ymin>134</ymin>
            <xmax>616</xmax>
            <ymax>477</ymax>
        </bndbox>
    </object>
</annotation>