<annotation>
    <folder></folder>
    <filename>0073acbbd755e95a.jpg</filename>
    <path>C:\Users\deoli\Desktop\V7_export\data\0073acbbd755e95a.jpg</path>
    <source>
        <database></database>
    </source>
    <size>
        <width>1024</width>
        <height>1024</height>
        <depth>3</depth>
    </size>
    <segmented></segmented>
    <object>
        <name>Airplane</name>
        <IsTruncated>False</IsTruncated>
        <IsGroupOf>False</IsGroupOf>
        <IsOccluded>True</IsOccluded>
        <IsDepiction>True</IsDepiction>
        <IsInside>False</IsInside>
        <bndbox>
            <xmin>216</xmin>
            <ymin>184</ymin>
            <xmax>879</xmax>
            <ymax>987</ymax>
        </bndbox>
    </object>
</annotation>