<annotation>
    <folder></folder>
    <filename>007384da2ed0464f.jpg</filename>
    <path>C:\Users\deoli\Desktop\V7_export\data\007384da2ed0464f.jpg</path>
    <source>
        <database></database>
    </source>
    <size>
        <width>1024</width>
        <height>768</height>
        <depth>3</depth>
    </size>
    <segmented></segmented>
    <object>
        <name>Airplane</name>
        <IsTruncated>True</IsTruncated>
        <IsGroupOf>False</IsGroupOf>
        <IsOccluded>False</IsOccluded>
        <IsDepiction>False</IsDepiction>
        <IsInside>False</IsInside>
        <bndbox>
            <xmin>0</xmin>
            <ymin>286</ymin>
            <xmax>1024</xmax>
            <ymax>590</ymax>
        </bndbox>
    </object>
</annotation>