<annotation>
    <folder></folder>
    <filename>0073232615f20d8d.jpg</filename>
    <path>C:\Users\deoli\Desktop\V7_export\data\0073232615f20d8d.jpg</path>
    <source>
        <database></database>
    </source>
    <size>
        <width>1024</width>
        <height>979</height>
        <depth>3</depth>
    </size>
    <segmented></segmented>
    <object>
        <name>Dog</name>
        <IsTruncated>False</IsTruncated>
        <IsGroupOf>False</IsGroupOf>
        <IsOccluded>True</IsOccluded>
        <IsDepiction>False</IsDepiction>
        <IsInside>False</IsInside>
        <bndbox>
            <xmin>415</xmin>
            <ymin>157</ymin>
            <xmax>792</xmax>
            <ymax>679</ymax>
        </bndbox>
    </object>
</annotation>