<annotation>
    <folder></folder>
    <filename>0073b0d077d8ad7c.jpg</filename>
    <path>C:\Users\deoli\Desktop\V7_export\data\0073b0d077d8ad7c.jpg</path>
    <source>
        <database></database>
    </source>
    <size>
        <width>1024</width>
        <height>576</height>
        <depth>3</depth>
    </size>
    <segmented></segmented>
    <object>
        <name>Airplane</name>
        <IsTruncated>False</IsTruncated>
        <IsGroupOf>False</IsGroupOf>
        <IsOccluded>False</IsOccluded>
        <IsDepiction>False</IsDepiction>
        <IsInside>False</IsInside>
        <bndbox>
            <xmin>166</xmin>
            <ymin>174</ymin>
            <xmax>827</xmax>
            <ymax>398</ymax>
        </bndbox>
    </object>
</annotation>