<annotation>
    <folder></folder>
    <filename>00736951b796a6e0.jpg</filename>
    <path>C:\Users\deoli\Desktop\V7_export\data\00736951b796a6e0.jpg</path>
    <source>
        <database></database>
    </source>
    <size>
        <width>683</width>
        <height>1024</height>
        <depth>3</depth>
    </size>
    <segmented></segmented>
    <object>
        <name>Boat</name>
        <IsTruncated>False</IsTruncated>
        <IsGroupOf>False</IsGroupOf>
        <IsOccluded>True</IsOccluded>
        <IsDepiction>False</IsDepiction>
        <IsInside>False</IsInside>
        <bndbox>
            <xmin>128</xmin>
            <ymin>47</ymin>
            <xmax>586</xmax>
            <ymax>773</ymax>
        </bndbox>
    </object>
</annotation>