<annotation>
    <folder></folder>
    <filename>00738acae141b053.jpg</filename>
    <path>C:\Users\deoli\Desktop\V7_export\data\00738acae141b053.jpg</path>
    <source>
        <database></database>
    </source>
    <size>
        <width>1024</width>
        <height>768</height>
        <depth>3</depth>
    </size>
    <segmented></segmented>
    <object>
        <name>Horse</name>
        <IsTruncated>False</IsTruncated>
        <IsGroupOf>False</IsGroupOf>
        <IsOccluded>False</IsOccluded>
        <IsDepiction>False</IsDepiction>
        <IsInside>False</IsInside>
        <bndbox>
            <xmin>375</xmin>
            <ymin>210</ymin>
            <xmax>947</xmax>
            <ymax>586</ymax>
        </bndbox>
    </object>
</annotation>