<annotation>
    <folder></folder>
    <filename>0076a80a60d3bc95.jpg</filename>
    <path>C:\Users\deoli\Desktop\V7_export\data\0076a80a60d3bc95.jpg</path>
    <source>
        <database></database>
    </source>
    <size>
        <width>1024</width>
        <height>683</height>
        <depth>3</depth>
    </size>
    <segmented></segmented>
    <object>
        <name>Bird</name>
        <IsTruncated>True</IsTruncated>
        <IsGroupOf>False</IsGroupOf>
        <IsOccluded>False</IsOccluded>
        <IsDepiction>False</IsDepiction>
        <IsInside>False</IsInside>
        <bndbox>
            <xmin>234</xmin>
            <ymin>86</ymin>
            <xmax>892</xmax>
            <ymax>681</ymax>
        </bndbox>
    </object>
</annotation>