<annotation>
    <folder></folder>
    <filename>00785bd8accf7c05.jpg</filename>
    <path>C:\Users\deoli\Desktop\V7_export\data\00785bd8accf7c05.jpg</path>
    <source>
        <database></database>
    </source>
    <size>
        <width>768</width>
        <height>1024</height>
        <depth>3</depth>
    </size>
    <segmented></segmented>
    <object>
        <name>Dog</name>
        <IsTruncated>False</IsTruncated>
        <IsGroupOf>False</IsGroupOf>
        <IsOccluded>True</IsOccluded>
        <IsDepiction>False</IsDepiction>
        <IsInside>False</IsInside>
        <bndbox>
            <xmin>124</xmin>
            <ymin>264</ymin>
            <xmax>621</xmax>
            <ymax>952</ymax>
        </bndbox>
    </object>
</annotation>