<annotation>
    <folder></folder>
    <filename>0078ef2ef23cbc02.jpg</filename>
    <path>C:\Users\deoli\Desktop\V7_export\data\0078ef2ef23cbc02.jpg</path>
    <source>
        <database></database>
    </source>
    <size>
        <width>1024</width>
        <height>973</height>
        <depth>3</depth>
    </size>
    <segmented></segmented>
    <object>
        <name>Dog</name>
        <IsTruncated>True</IsTruncated>
        <IsGroupOf>False</IsGroupOf>
        <IsOccluded>False</IsOccluded>
        <IsDepiction>False</IsDepiction>
        <IsInside>False</IsInside>
        <bndbox>
            <xmin>0</xmin>
            <ymin>0</ymin>
            <xmax>999</xmax>
            <ymax>952</ymax>
        </bndbox>
    </object>
</annotation>