<annotation>
    <folder></folder>
    <filename>00785b842dbe3f27.jpg</filename>
    <path>C:\Users\deoli\Desktop\V7_export\data\00785b842dbe3f27.jpg</path>
    <source>
        <database></database>
    </source>
    <size>
        <width>1024</width>
        <height>670</height>
        <depth>3</depth>
    </size>
    <segmented></segmented>
    <object>
        <name>Airplane</name>
        <IsTruncated>False</IsTruncated>
        <IsGroupOf>False</IsGroupOf>
        <IsOccluded>False</IsOccluded>
        <IsDepiction>False</IsDepiction>
        <IsInside>False</IsInside>
        <bndbox>
            <xmin>62</xmin>
            <ymin>179</ymin>
            <xmax>986</xmax>
            <ymax>497</ymax>
        </bndbox>
    </object>
</annotation>