<annotation>
    <folder></folder>
    <filename>00788d938c31b6f5.jpg</filename>
    <path>C:\Users\deoli\Desktop\V7_export\data\00788d938c31b6f5.jpg</path>
    <source>
        <database></database>
    </source>
    <size>
        <width>1024</width>
        <height>666</height>
        <depth>3</depth>
    </size>
    <segmented></segmented>
    <object>
        <name>Airplane</name>
        <IsTruncated>True</IsTruncated>
        <IsGroupOf>False</IsGroupOf>
        <IsOccluded>False</IsOccluded>
        <IsDepiction>False</IsDepiction>
        <IsInside>False</IsInside>
        <bndbox>
            <xmin>113</xmin>
            <ymin>142</ymin>
            <xmax>1023</xmax>
            <ymax>463</ymax>
        </bndbox>
    </object>
</annotation>