<annotation>
    <folder></folder>
    <filename>0079e6612a9dd201.jpg</filename>
    <path>C:\Users\deoli\Desktop\V7_export\data\0079e6612a9dd201.jpg</path>
    <source>
        <database></database>
    </source>
    <size>
        <width>768</width>
        <height>1024</height>
        <depth>3</depth>
    </size>
    <segmented></segmented>
    <object>
        <name>Cat</name>
        <IsTruncated>False</IsTruncated>
        <IsGroupOf>False</IsGroupOf>
        <IsOccluded>True</IsOccluded>
        <IsDepiction>False</IsDepiction>
        <IsInside>False</IsInside>
        <bndbox>
            <xmin>66</xmin>
            <ymin>481</ymin>
            <xmax>408</xmax>
            <ymax>953</ymax>
        </bndbox>
    </object>
</annotation>