<annotation>
    <folder></folder>
    <filename>00799bb8fd7dfc52.jpg</filename>
    <path>C:\Users\deoli\Desktop\V7_export\data\00799bb8fd7dfc52.jpg</path>
    <source>
        <database></database>
    </source>
    <size>
        <width>1024</width>
        <height>741</height>
        <depth>3</depth>
    </size>
    <segmented></segmented>
    <object>
        <name>Bird</name>
        <IsTruncated>False</IsTruncated>
        <IsGroupOf>False</IsGroupOf>
        <IsOccluded>False</IsOccluded>
        <IsDepiction>False</IsDepiction>
        <IsInside>False</IsInside>
        <bndbox>
            <xmin>34</xmin>
            <ymin>47</ymin>
            <xmax>1022</xmax>
            <ymax>718</ymax>
        </bndbox>
    </object>
</annotation>