<annotation>
    <folder></folder>
    <filename>0079c70fc115d8db.jpg</filename>
    <path>C:\Users\deoli\Desktop\V7_export\data\0079c70fc115d8db.jpg</path>
    <source>
        <database></database>
    </source>
    <size>
        <width>1024</width>
        <height>643</height>
        <depth>3</depth>
    </size>
    <segmented></segmented>
    <object>
        <name>Boat</name>
        <IsTruncated>False</IsTruncated>
        <IsGroupOf>False</IsGroupOf>
        <IsOccluded>True</IsOccluded>
        <IsDepiction>True</IsDepiction>
        <IsInside>False</IsInside>
        <bndbox>
            <xmin>57</xmin>
            <ymin>211</ymin>
            <xmax>963</xmax>
            <ymax>390</ymax>
        </bndbox>
    </object>
</annotation>