<annotation>
    <folder></folder>
    <filename>0079b691c99d1d07.jpg</filename>
    <path>C:\Users\deoli\Desktop\V7_export\data\0079b691c99d1d07.jpg</path>
    <source>
        <database></database>
    </source>
    <size>
        <width>1024</width>
        <height>683</height>
        <depth>3</depth>
    </size>
    <segmented></segmented>
    <object>
        <name>Bird</name>
        <IsTruncated>False</IsTruncated>
        <IsGroupOf>False</IsGroupOf>
        <IsOccluded>True</IsOccluded>
        <IsDepiction>True</IsDepiction>
        <IsInside>False</IsInside>
        <bndbox>
            <xmin>16</xmin>
            <ymin>84</ymin>
            <xmax>805</xmax>
            <ymax>612</ymax>
        </bndbox>
    </object>
</annotation>