<annotation>
    <folder></folder>
    <filename>007ac402b823bb25.jpg</filename>
    <path>C:\Users\deoli\Desktop\V7_export\data\007ac402b823bb25.jpg</path>
    <source>
        <database></database>
    </source>
    <size>
        <width>1024</width>
        <height>739</height>
        <depth>3</depth>
    </size>
    <segmented></segmented>
    <object>
        <name>Bird</name>
        <IsTruncated>False</IsTruncated>
        <IsGroupOf>False</IsGroupOf>
        <IsOccluded>False</IsOccluded>
        <IsDepiction>False</IsDepiction>
        <IsInside>False</IsInside>
        <bndbox>
            <xmin>189</xmin>
            <ymin>74</ymin>
            <xmax>618</xmax>
            <ymax>681</ymax>
        </bndbox>
    </object>
</annotation>