<annotation>
    <folder></folder>
    <filename>007ab59b9606a05e.jpg</filename>
    <path>C:\Users\deoli\Desktop\V7_export\data\007ab59b9606a05e.jpg</path>
    <source>
        <database></database>
    </source>
    <size>
        <width>1024</width>
        <height>683</height>
        <depth>3</depth>
    </size>
    <segmented></segmented>
    <object>
        <name>Dog</name>
        <IsTruncated>False</IsTruncated>
        <IsGroupOf>False</IsGroupOf>
        <IsOccluded>False</IsOccluded>
        <IsDepiction>False</IsDepiction>
        <IsInside>False</IsInside>
        <bndbox>
            <xmin>227</xmin>
            <ymin>129</ymin>
            <xmax>648</xmax>
            <ymax>619</ymax>
        </bndbox>
    </object>
</annotation>