<annotation>
    <folder></folder>
    <filename>007af9fe9bb21a89.jpg</filename>
    <path>C:\Users\deoli\Desktop\V7_export\data\007af9fe9bb21a89.jpg</path>
    <source>
        <database></database>
    </source>
    <size>
        <width>768</width>
        <height>1024</height>
        <depth>3</depth>
    </size>
    <segmented></segmented>
    <object>
        <name>Bird</name>
        <IsTruncated>True</IsTruncated>
        <IsGroupOf>False</IsGroupOf>
        <IsOccluded>False</IsOccluded>
        <IsDepiction>False</IsDepiction>
        <IsInside>False</IsInside>
        <bndbox>
            <xmin>67</xmin>
            <ymin>99</ymin>
            <xmax>739</xmax>
            <ymax>1022</ymax>
        </bndbox>
    </object>
</annotation>