<annotation>
    <folder></folder>
    <filename>007a77e35eb669f1.jpg</filename>
    <path>C:\Users\deoli\Desktop\V7_export\data\007a77e35eb669f1.jpg</path>
    <source>
        <database></database>
    </source>
    <size>
        <width>1024</width>
        <height>768</height>
        <depth>3</depth>
    </size>
    <segmented></segmented>
    <object>
        <name>Cat</name>
        <IsTruncated>False</IsTruncated>
        <IsGroupOf>False</IsGroupOf>
        <IsOccluded>False</IsOccluded>
        <IsDepiction>False</IsDepiction>
        <IsInside>False</IsInside>
        <bndbox>
            <xmin>177</xmin>
            <ymin>284</ymin>
            <xmax>856</xmax>
            <ymax>601</ymax>
        </bndbox>
    </object>
</annotation>